version,path,lines,recognized_symbols,imports
v3,src/autonomy/adaptive-farm-intelligence.js,228,alpha2016Evaluate; alpha2016Install; alpha2016Reset; alpha2016Sample; alpha2016Status; average; clamp; empiricalBonus; ensure; finite; loadHistory; patchAdaptiveFarmIntelligence; persistHistory; serverHourKey; storageFor; updateHistory,../farmer/farm-area-pressure-hotfix
v3,src/autonomy/adaptive-pull-learning.js,559,AdaptivePullLearner; _backend; _context; _contextState; _event; _profile; _profileView; _pullKey; clamp; clone; constructor; finite; installAdaptivePullLearner; load; profiles; recommend; recordEncounterOutcome; recordTelemetryWindow; save; status,../party/fingerprints; ./combat-modes; ./smart-aoe-planner
v3,src/autonomy/advanced-party-movement.js,217,AdvancedPartyMovement; _boundedPoint; _boundedReachableStep; _canMoveTo; _desiredFormationPoint; _event; _facing; _observeMotion; _orbitPoint; _reachableOrbit; _slot; _targetForTeam; clamp; constructor; distance; finite; install; installAdvancedPartyMovement; lower; status,
v3,src/autonomy/alpha10-runtime.js,77,Alpha10Runtime; _brainAudit; composeAlpha10Runtime; constructor; exportDiagnostics; status; tick,../brain/shadow-brain; ./alpha9-runtime
v3,src/autonomy/alpha11-runtime.js,66,Alpha11Runtime; _partyObservation; composeAlpha11Runtime; constructor; exportDiagnostics; status; tick,../party/character-registry; ./alpha10-runtime
v3,src/autonomy/alpha12-hardened-runtime.js,160,Alpha12Runtime; _activeOwnedNames; _announce; _partyDecisionCycle; _partyTrustedNames; activeOwnedNames; composeHardenedAlpha12Runtime; constructor; setPartyTransitionsEnabled; start; status; stop; syncPartyControlConfig,../party/control-lease; ./alpha12-runtime
v3,src/autonomy/alpha12-runtime.js,87,Alpha12Runtime; _contentDisposition; _currentMembers; _encounter; _maybeApplyAura; _maybeStartTransition; _partyDecisionCycle; _recordCurrentPerformance; _riskContext; clamp01; composeAlpha12Runtime; constructor; exportDiagnostics; finite; setPartyAuraAutomationEnabled; setPartyCodeSlots; setPartyExplorationEnabled; setPartyTransitionsEnabled; start; status; stop; tick,../ops/background-execution-guard; ../party/fingerprints; ../party/orchestrator; ../party/paladin-aura-policy; ../party/performance-store; ../party/telemetry-bridge; ../party/transition-controller; ../release-version; ./alpha11-runtime
v3,src/autonomy/alpha13-runtime.js,141,Alpha13Runtime; _announce; _evaluateGlobalSupervisor; _scanContentDrift; clearSubsystemQuarantine; composeAlpha13Runtime; constructor; contentDriftStorageKey; exportDiagnostics; markContentRevalidated; quarantineSubsystem; setSupervisorSafeActionsEnabled; status; stop; tick,../stability/global-supervisor; ../world/content-drift; ./alpha12-hardened-runtime
v3,src/autonomy/alpha14-runtime.js,175,Alpha14Runtime; _announce; _planInventoryAndGear; composeAlpha14Runtime; constructor; exportDiagnostics; status; stop; tick,../economy/gear-progression; ../economy/inventory-ledger; ../party/merchant-party-history; ./alpha13-runtime
v3,src/autonomy/alpha15-runtime.js,105,Alpha15Runtime; _announce; _economyStatus; _evaluateGlobalSupervisor; composeAlpha15Runtime; constructor; exportDiagnostics; planEconomyTransaction; reconcileEconomyTransaction; setEconomyLiveEnabled; status; stop; tick,../economy/transaction-engine; ./alpha14-runtime
v3,src/autonomy/alpha16-runtime.js,77,Alpha16Runtime; _announce; _travelStatus; composeAlpha16Runtime; constructor; exportDiagnostics; planTravel; setTravelLiveEnabled; status; tick,../travel/safe-travel; ./alpha15-runtime
v3,src/autonomy/alpha17-runtime.js,308,Alpha17Runtime; _announce; _controlledSubsystemHealth; _economyStatus; _evaluateGlobalSupervisor; _guardControlledAuthority; _liveEnableGate; _partyObservation; _travelStatus; abortControlledTravel; clone; composeAlpha17Runtime; configureControlledMerchant; configureControlledTravel; configureInventoryActionPolicy; constructor; executeEconomyTransaction; executeTravelPlan; exportDiagnostics; registryName; setEconomyLiveEnabled; setMode; setTravelLiveEnabled; status; stop; tick,../economy/controlled-merchant-executor; ../economy/sell-safety; ../travel/controlled-travel-executor; ./alpha16-runtime
v3,src/autonomy/alpha18-runtime.js,233,Alpha18Runtime; _announce; _bankPacks; _economyStatus; _guardControlledAuthority; _liveCharacter; _observeBankCapacity; alpha18LiveGateResult; alpha18LiveGateResultText; alpha18LiveGateStatus; clone; composeAlpha18Runtime; configureControlledBankExpansion; constructor; executeBankExpansion; exportDiagnostics; planBankExpansion; planBankSpace; runAlpha18CombinedLiveGate; setMode; status; stop; tick,../economy/bank-capacity-manager; ../economy/bank-expansion-transactions; ../economy/controlled-bank-expansion-executor; ../ops/alpha18-combined-live-gate-hardened; ./alpha17-runtime
v3,src/autonomy/alpha19-runtime.js,178,Alpha19Runtime; _announce; _economyStatus; _guardControlledAuthority; alpha19LiveGateResult; alpha19LiveGateResultText; alpha19LiveGateStatus; composeAlpha19Runtime; configureControlledMerchantSpaceRecovery; constructor; executeMerchantSpaceRecovery; exportDiagnostics; planMerchantSpaceRecovery; reconcileMerchantSpaceRecovery; runAlpha19CombinedLiveGate; setMode; status; stop; tick,../economy/controlled-bank-consolidation-executor; ../economy/controlled-merchant-space-recovery-hardened; ../economy/merchant-space-recovery-journal; ../ops/alpha19-combined-live-gate; ./alpha18-runtime
v3,src/autonomy/alpha20-5-farm-readiness-runtime.js,346,Alpha20_5FarmReadinessRuntime; _afterFarmReadinessTick; _beforeFarmReadinessTick; clone; composeAlpha20_5FarmReadinessRuntime; constructor; exportDiagnostics; farmReadinessStatus; prepareAlpha20_5FarmReadinessOptions; start; status; stop; tick,../content/content-drift-semantic-recovery; ../content/content-drift-storage-hotfix; ../content/dangerous-content-hotfix; ../farmer/controlled-farmer-loot; ../farmer/farm-area-pressure-hotfix; ../farmer/farmer-local-plan-priority; ../farmer/farmer-resource-topoff-hotfix; ../farmer/farmer-target-efficiency-hotfix; ../farmer/farmer-terrain-navigation-hotfix; ../farmer/farmer-travel-safety-hotfix; ../farmer/live-navigation-hotfix; ../ops/controlled-auto-respawn; ../party/controlled-party-bootstrap; ../party/controlled-party-logistics; ../party/party-account-communication; ../party/party-bootstrap-farmer-gate; ../party/party-bootstrap-merchant-discovery-hotfix; ../party/party-focus-fire-hotfix; ../party/party-persistence-quota-hotfix; ../party/team-combat-cohesion-hotfix; ../reliability/pre-farming-reliability; ../reliability/team-cohesion-deadlock-hotfix; ./alpha20-5-merchant-runtime
v3,src/autonomy/alpha20-5-merchant-runtime.js,400,Alpha20_5MerchantRuntime; _controlledMerchantBusy; _criticalSupplyDirectFallbackAllowed; _executeMerchantTravel; _guardControlledAuthority; _localMerchant; _merchantInCombat; _merchantMluckCycle; _merchantServiceAuditData; _merchantServiceCycle; _noteMerchantServicePlan; _routeDecision; _scheduleMerchantServiceExecution; _servicePlanInput; _standOpen; clone; composeAlpha20_5MerchantRuntime; configureMerchantMluck; configureMerchantService; constructor; disableMerchantMluck; disableMerchantService; exportDiagnostics; finite; merchantMluckStatus; merchantServiceStatus; reconcileMerchantService; setMode; status; stop; tick,../merchant/controlled-merchant-service-executor; ../merchant/merchant-mluck-service; ../merchant/merchant-service-planner; ../travel/route-cost-estimator; ./alpha20-runtime
v3,src/autonomy/alpha20-runtime.js,396,Alpha20Runtime; _alpha20EconomyEmergency; _announce; _guardControlledAuthority; _lifecycleEvidence; _maybeApplyAura; _maybeStartTransition; _measuredScore; _partyDecisionCycle; _sameParty; _verifyLifecycleTarget; alpha20LiveGateResult; alpha20LiveGateResultText; alpha20LiveGateStatus; cancelAlpha20CombinedLiveGate; clamp01; composeAlpha20Runtime; configureControlledPartyLifecycle; constructor; exportDiagnostics; finite; reconcilePartyLifecycle; runAlpha20CombinedLiveGate; setMode; setPartyAuraAutomationEnabled; setPartyTransitionsEnabled; status; stop,../ops/alpha20-combined-live-gate-hardened; ../party/controlled-lifecycle-coordinator; ../party/controlled-paladin-aura-executor; ../party/lifecycle-store; ../release-version; ./alpha19-runtime
v3,src/autonomy/alpha9-runtime.js,93,Alpha9Runtime; _farmPlanningParty; composeAlpha9Runtime; constructor; exportDiagnostics; status; tick,../stability/stability-runtime; ./local-farm-orchestrator; ./local-farm-planner
v3,src/autonomy/aoe-farming-certification.js,185,AoeFarmingCertification; _event; _isAoe; _liveSmoke; _soak; _trim; clamp; clone; constructor; finite; installAoeFarmingCertification; recordOutcome; status,
v3,src/autonomy/capability-resolver.js,460,CharacterCapabilityResolver; PartyCapabilityResolver; _event; _generation; _memberDescriptors; addCounts; clone; constructor; equipmentReadiness; equippedTypes; finite; get; materialReadiness; normalizedGear; normalizedInventory; resolve; status,../world/content-drift; ./capability-sync; ./skill-semantics
v3,src/autonomy/capability-sync.js,294,buildCapabilitySnapshot; capabilityCounts; cleanCapabilities; cleanCombat; cleanParameters; cleanSkill; cleanString; clone; finite; missingRemoteCapabilityMember; remoteCapabilityMember; sanitizeCapabilitySnapshot; validateRemoteCapabilitySnapshot,./combat-modes
v3,src/autonomy/character-combat-profile.js,275,CharacterCombatProfileStore; _backend; _empty; _ensure; _event; _normalizeProfile; _record; _touch; cleanName; cleanSkillId; clone; constructor; get; getCombatMode; load; resetProfile; resetSkill; save; serialize; setCombatMode; setEnabled; setParameter; skillSettings; status,./combat-modes; ./skill-semantics
v3,src/autonomy/combat-modes.js,20,normalizeCombatMode,
v3,src/autonomy/encounter-lifecycle.js,429,EncounterLifecycle; _captureIncidents; _capturePeerProgress; _capturePerformance; _captureSkillUse; _combatMode; _contentDisposition; _event; _inferOutcome; _isLeader; _liveTrackedTargets; _members; _partyRatios; _peerAggregate; _performanceRows; _score; _transition; begin; clamp; clone; constructor; finish; finite; installEncounterLifecycle; observe; ratio; rounded; status,../party/fingerprints; ./smart-aoe-planner
v3,src/autonomy/local-farm-orchestrator.js,372,LocalFarmOrchestrator; _abort; _boundedDestination; _canReposition; _choosePlan; _complete; _event; _makePlan; _selfAggro; _updateProgress; _visibleMonsters; constructor; distance; finite; ratio; status; tick,./local-farm-planner
v3,src/autonomy/local-farm-planner.js,202,LocalFarmPlanner; aoeContext; boundaryCenter; constructor; contentDisposition; isApprovedDisposition; isFarmableMonsterType; materiallyBetter; rank; spawnCandidates; spawnCenter; spawnCountHint; spawnType,../core/geometry; ../core/numeric
v3,src/autonomy/party-skill-engine.js,364,PartySkillEngine; _aoeDecision; _canUse; _classAllowed; _directDecision; _event; _execute; _gameData; _liveEncounterTargets; _partyCapabilities; _policySettings; _skillMeta; _supportDecision; constructor; decide; finite; install; installPartySkillEngine; lower; ratio; status,./skill-semantics; ./smart-aoe-planner
v3,src/autonomy/skill-catalog-service.js,478,SkillCatalogService; _build; _event; _invalid; _liveSkills; audit; catalogFingerprint; characterIdentity; clone; combatReady; constructor; diffCatalog; equipmentFingerprint; finite; get; list; markStale; normalizeLiveSkill; normalizeSlotRequirements; normalizeStringArray; noteIndependentDrift; noteSnapshotUnavailable; observeRuntime; partyIdentity; serverIdentity; status,../world/content-drift; ./skill-semantics
v3,src/autonomy/skill-policy.js,196,SkillPolicy; _character; _event; _finish; clean; clone; constructor; evaluate; evaluateCommand; finite; isEnabled; parameters; peek; settings; status,
v3,src/autonomy/skill-semantics.js,249,controlBounds; dedupe; defaultParameters; inferCapabilities; integerControl; normalizeControlValue; percentControl; resolveTargetCapacity; semanticFor,
v3,src/autonomy/smart-aoe-planner.js,312,SmartAoePlanner; _aoeSkills; _desiredSize; _event; _hardCapacity; _resourceState; clamp; constructor; evaluate; evaluateCandidate; finite; liveRows; planningProfile; ratio; skillHasAoeCapability; status,./combat-modes; ./skill-semantics
v3,src/autonomy/tactical-party-combat.js,736,TacticalPartyCombat; _avoidance; _combatMode; _currentEntity; _encounterEntities; _event; _finalizeEncounter; _memberLiveRow; _monsterMeta; _partyCapabilities; _partyDps; _pullCandidates; _rangeScore; _refreshEncounterPlan; _selection; _setEncounter; _specialFreshPull; _targetDps; _tryAgitatePull; canAddTarget; clamp; constructor; distance; evaluateTarget; finite; install; installTacticalPartyCombat; lower; maybeExpandPull; status; tacticalRiskGate,../party/fingerprints; ./combat-modes; ./smart-aoe-planner
v3,src/brain/feature-encoder.js,91,StrategicFeatureEncoder; candidateId; constructor; encodeCandidates; status,../core/numeric
v3,src/brain/replay-buffer.js,48,BoundedReplayBuffer; constructor; list; push; safeClone; status,
v3,src/brain/shadow-brain.js,202,ShadowStrategicBrain; _distill; _quality; _score; _updateQuality; bounded; constructor; finite; observe; replay; status,./feature-encoder; ./replay-buffer
v3,src/brain/strategic-brain-v2.js,816,BrainStateEncoderV2; StrategicBrainV2; TinyStrategyNetwork; _cfg; _diary; _latestEncounterOutcome; _leagueCheck; _leagueEvent; _novelty; _quality; _replayTrain; _restore; _save; _teacherFor; _train; _validationLoss; actionFrom; average; brainCapabilityContext; captureMetrics; clamp; constructor; currentKiteConfidence; currentMarketLiquidity; currentRates; deterministicTeacher; encode; entropy; exportState; finite; forward; freeSlots; importState; ingestEncounterOutcome; ingestTeacher; observe; partyRows; performanceStatus; ratio; recentErrorHealth; replay; restore; safeClone; scoreVector; seeded; shouldAskTeacher; snapshot; softmax; status; storageOf; targetCandidate; targetVector; teacherRequest; tickOutcome; train; vectorDistance; worldConfidence,./replay-buffer
v3,src/composition/runtime-composition.js,174,RuntimeComposition; bindLayerMethods; buildServiceGroups; composedLayerMethod; compositionStatus; constructor; createRuntimeComposition; installCompatibilityHasInstance; serviceGroup; value,../autonomy/alpha10-runtime; ../autonomy/alpha11-runtime; ../autonomy/alpha12-hardened-runtime; ../autonomy/alpha12-runtime; ../autonomy/alpha13-runtime; ../autonomy/alpha14-runtime; ../autonomy/alpha15-runtime; ../autonomy/alpha16-runtime; ../autonomy/alpha17-runtime; ../autonomy/alpha18-runtime; ../autonomy/alpha19-runtime; ../autonomy/alpha20-5-farm-readiness-runtime; ../autonomy/alpha20-5-merchant-runtime; ../autonomy/alpha20-runtime; ../autonomy/alpha9-runtime; ../runtime; ../stability/stability-runtime; ./runtime-lifecycle
v3,src/composition/runtime-lifecycle.js,19,assertRuntimeLifecycle,
v3,src/content/content-drift-semantic-recovery.js,219,ContentDriftSemanticRecovery; _eligible; _event; _fact; _recoverPolicy; _recoverRecord; beforeTick; boundedMessage; constructor; finite; installContentDriftSemanticRecovery; status,../farmer/content-safety; ../world/world-model
v3,src/content/content-drift-storage-hotfix.js,88,ContentDriftStorageHotfix; _blockWrites; _event; _install; constructor; installContentDriftStorageHotfix; status,
v3,src/content/dangerous-content-hotfix.js,140,DangerousContentHotfix; _alpha24Options; _installClosedLoopAutonomy; _installPlannerFilter; beforeTick; constructor; installDangerousContentHotfix; status,../farmer/content-safety; ../reliability/alpha20-20-alpha22-autonomy; ../reliability/alpha20-20-live-regression-hotfix; ../reliability/alpha20-21-cloud-persistence-recovery; ../reliability/alpha20-22-live-smoke-recovery; ../reliability/alpha20-23-idle-deadlock-recovery; ../reliability/alpha23-combat-stability-hotfix; ../reliability/alpha24-adaptive-range-risk-logistics-hotfix; ../reliability/alpha25-control-center-brain; ../reliability/alpha26-cloud-update-logistics-ui-hotfix; ../reliability/economy-equipment-autonomy-v2
v3,src/control/cloud-control-plane.js,307,CloudControlPlane; _automationCatalogKey; _enabled; _load; _maybePushAutomationCatalog; _post; _runtimeSnapshot; _storage; askTeacher; characterOf; clearCredentials; configure; constructor; cycle; finite; isMerchant; legacyV2DashboardCredentials; normalizeBaseUrl; parseObject; pushFeedback; pushRuntime; safeClone; status; storage; syncState; text; validCredentials,./cloud-free-tier-budget
v3,src/control/cloud-free-tier-budget.js,90,load; readCloudRequestBudget; reserveCloudRequest; storage; text; utcDay,
v3,src/control/cloud-long-term-persistence.js,408,CloudLongTermPersistence; _brainPayload; _clearLegacyKeys; _cloud; _cloudReady; _event; _gearPayload; _localEvidenceTime; _marketPayload; _partyPayload; _queueInitialSnapshots; _restoreRecord; _slimRecord; _wrapBrain; _wrapGear; _wrapMarket; _wrapPartyPerformance; _writeFallback; beforeTick; bootstrap; clone; constructor; finite; flush; installAdapters; installCloudLongTermPersistence; markDirty; maxTimestamp; status; storageOf,
v3,src/control/cloud-presence-decoupling.js,87,finite; installCloudPresenceDecoupling,
v3,src/control/control-plane-config.js,210,ControlPlaneConfig; applyHot; bootOptions; clone; constructor; defaults; finite; get; getPath; loadStored; normalize; normalizeItemPermissions; patch; sanitize; saveStored; schema; setPath; status; storage,
v3,src/core/event-log.js,146,EventLog; cloneSafe; constructor; emit; exportBundle; list; makeRunId; normalizeReason; query; summary,
v3,src/core/geometry.js,15,distance,./numeric
v3,src/core/numeric.js,23,clamp; clamp01; finite; ratio,
v3,src/core/patch-registry.js,137,PatchRegistry; _apply; _emit; _slot; constructor; ensurePatchRegistry; list; nonEmpty; register; required; status,
v3,src/core/scheduler.js,211,Scheduler; _event; _finish; _maybePreempt; _nextForOwner; _observeProgress; _owners; _remember; _retryOrFinish; _run; _start; cancelOwner; constructor; snapshot; submit; tick,./task
v3,src/core/snapshot-entity-index.js,21,createSnapshotEntityIndex; entityById; snapshotEntities,
v3,src/core/stable-scheduler.js,106,StableScheduler; _run; constructor; snapshot,./scheduler; ./task
v3,src/core/task.js,45,createTask,
v3,src/economy/bank-capacity-manager.js,415,BankCapacityManager; _bankItemSafety; _catalog; _consolidation; _contentUnsafe; _event; _expansion; _freeTarget; _lossScore; _packView; _reclaim; _reclaimBlockers; _remember; _stackTarget; clone; constructor; finite; hasOwn; itemIdentity; observe; observedCost; packCatalogRow; planSpace; status; unique,./sell-safety
v3,src/economy/bank-expansion-transactions.js,289,BankExpansionTransactionEngine; _event; _pruneFailures; abort; begin; breaker; clone; commit; constructor; failSafe; finite; get; list; load; noteFailure; noteSuccess; plan; preflightRetry; reconcile; save; status; storageGet; storageSet; tick; verifying,
v3,src/economy/controlled-bank-consolidation-executor.js,285,ControlledBankConsolidationExecutor; _afterRetrieve; _afterStore; _event; _eventually; _inCombat; _inventoryWorkspace; _preflight; _sleep; _syncAdapterMode; _timeout; clone; configure; constructor; disable; execute; finite; identityQuantity; sameIdentity; snap; status,../game/adapter
v3,src/economy/controlled-bank-expansion-executor.js,184,ControlledBankExpansionExecutor; _bankPacks; _event; _failSafe; _inCombat; _observe; _preflight; _snapshot; _timeout; clone; configure; constructor; disable; execute; finite; status,
v3,src/economy/controlled-merchant-executor.js,599,ControlledMerchantExecutor; _event; _failSafe; _inCombat; _ledgerEntry; _preflight; _pruneActions; _sleep; _syncAdapterMode; _timeout; _verify; _verifyEventually; bankIdentityQuantity; bankStoreAcknowledged; clone; configure; constructor; disable; execute; finite; genericSuccessfulResponse; hasExplicitBankBinding; identityQuantity; itemSnapshot; status,../game/adapter; ./sell-safety
v3,src/economy/controlled-merchant-space-recovery-hardened.js,159,HardenedControlledMerchantSpaceRecovery; _expand; _finishBlocked; _finishFailedSafe; _freshReclaimPlan; _reclaim; configure; constructor; disable; finite; status,./controlled-merchant-space-recovery
v3,src/economy/controlled-merchant-space-recovery.js,420,ControlledMerchantSpaceRecovery; _childStates; _consolidate; _context; _deposit; _disableChildren; _event; _expand; _fallbackPlan; _finishBlocked; _finishCommitted; _finishFailedSafe; _inCombat; _liveCharacter; _normalizeRequest; _preflight; _rawBudget; _reclaim; _recordChild; _sameCandidate; _sourceItem; clone; configure; constructor; disable; execute; finite; plan; reconcile; status,./bank-capacity-manager
v3,src/economy/gear-progression.js,751,GearProgressionEvaluator; _backend; _currentItem; _event; _goalId; _progressionDecision; _prune; _registryRows; _unsafe; candidateSlots; classEquipmentRules; clone; compatible; constructor; effectiveStats; equippedMeta; evaluate; finite; futureProtectionFor; futureSellSafetyFor; levelOf; list; load; metadata; normalizeName; save; scoreImprovement; scoreItem; serialize; slotCompatible; status,./item-intelligence
v3,src/economy/inventory-ledger.js,488,InventoryLedger; _baseDisposition; _contentUnsafe; _event; _operatorDisposition; _permission; _registryRows; _resolveSellBlockers; asSet; clone; constructor; finite; get; itemKey; itemPermissionSnapshot; list; normalizeName; observe; setItemPermissions; setProgressionReservations; setSellSafetyResolver; stackKey; status; uniqueStrings,./sell-safety
v3,src/economy/item-economic-evaluator.js,281,evaluateCompoundEconomics; evaluateItemEconomics; evaluateUpgradeEconomics; finite; gradeForLevel; itemEconomyCatalog; itemNpcSellValue; levelOf; progressionProbability; progressionTable; scrollBuyCost; scrollName,
v3,src/economy/item-intelligence.js,154,buildProgressionCurve; contextualWeights; finite; lower; roleProfile; selectDynamicTarget,./item-economic-evaluator
v3,src/economy/merchant-space-recovery-journal.js,400,MerchantSpaceRecoveryJournal; _event; _evictIfNeeded; _id; _pruneFailures; _reject; _release; _reservationKey; _terminal; addEvidence; breaker; cancel; clone; constructor; finite; get; list; load; markBlocked; markCommitted; markFailedSafe; noteEmergencyReclaim; noteFailure; noteReobservation; noteSuccess; plan; reconcile; save; status; storageGet; storageSet; tick; transition,
v3,src/economy/sell-safety.js,134,finite; hasOwn; rawSellProtectionReasons; sellMetadataConsensus; sellMetadataSafetyView; sellProtectionReasons; sellSafetyStatus; unique,
v3,src/economy/transaction-engine.js,424,EconomyTransactionEngine; _event; _evictIfNeeded; _id; _ledgerEntry; _pruneFailures; _reject; _release; breaker; cancel; clone; constructor; finite; get; list; load; markCommitted; markFailedSafe; noteFailure; noteSuccess; plan; reconcile; save; status; storageGet; storageSet; tick; transition,
v3,src/farmer/basic-kiting.js,103,BasicKitingPolicy; clamp; constructor; evaluate; finite; status,
v3,src/farmer/combat-emergency.js,64,CombatEmergencyGate; _attackers; clamp01; constructor; evaluate; hpRatio; status,
v3,src/farmer/combat-risk.js,146,CombatRiskGate; _additionalAggro; approveMonsterType; clamp01; constructor; evaluate; hpRatio; quarantineMonsterType; status,./content-safety
v3,src/farmer/content-safety.js,165,ContentSafetyGate; _fact; _write; approve; constructor; evaluate; normalizeMonsterType; quarantine; status,../world/world-model
v3,src/farmer/controlled-farmer-loot.js,222,ControlledFarmerLoot; _chestCount; _event; _metrics; _observePending; _readBinding; _syncAdapterMode; clone; constructor; status; tick,../core/numeric; ../game/adapter
v3,src/farmer/farm-area-pressure-hotfix.js,304,FarmAreaPressureHotfix; _alternativeFor; _evaluate; _event; _isLeaderReady; _nearPlan; _prune; _resetForArea; _sample; _team; _trustedNames; areaKey; clone; constructor; distance; finite; install; installFarmAreaPressureHotfix; status; tick,
v3,src/farmer/farmer-fsm.js,686,FarmerController; _activeStep; _attackIntervalMs; _block; _candidateRows; _clearTarget; _engage; _engagementRange; _event; _findTarget; _friendlyNames; _holdTargetSelection; _inventory; _maybePotion; _moveToMaterialObjective; _needsRecovery; _safeLiveMonsters; _selectTarget; _setLogicalTeamTarget; _shadowStep; _targetAllowed; _transition; _travel; clamp01; constructor; createTask; distance; ensureScheduled; hasPotion; normalizeTargetPolicy; progress; ratio; setEnabled; setTargetPolicy; status; step,../core/task
v3,src/farmer/farmer-local-plan-priority.js,104,FarmerLocalPlanPriority; _event; _install; constructor; hasSelfAggro; hpRatio; installFarmerLocalPlanPriority; localPlanPriorityStep; patch; status,../core/patch-registry; ../core/task
v3,src/farmer/farmer-resource-topoff-hotfix.js,373,FarmerResourceTopoffHotfix; _canUse; _event; _gameData; _installFarmerPotionPolicy; _installPrecisePotionAdapter; _potionRestoreAmount; _useFn; constructor; finite; installFarmerResourceTopoffHotfix; potionCount; ratio; restoreAmountFromMetadata; status; supply; topOff,
v3,src/farmer/farmer-target-efficiency-hotfix.js,221,FarmerTargetEfficiencyHotfix; _arrivalFallback; _arrivedAtPlannedSpawn; _evaluate; _event; _gameData; _installFarmer; _installPlanner; _recordSkip; constructor; install; installFarmerTargetEfficiencyHotfix; status,../farmer/target-efficiency
v3,src/farmer/farmer-terrain-navigation-hotfix.js,508,FarmerTerrainNavigationHotfix; _boundedStep; _canMoveFn; _canMoveTo; _event; _initialOrbitDirection; _install; _installKiting; _installSafeRetreat; _installSkillPolicy; _installTargetFilter; _installTravel; _kiteWaypoint; _markTargetBlocked; _orbitDirection; _pruneBlocked; _retreatWaypoint; _setOrbitDirection; _threatDistance; _waypoint; constructor; distance; finite; installFarmerTerrainNavigationHotfix; sign; status,
v3,src/farmer/farmer-travel-safety-hotfix.js,138,FarmerTravelSafetyHotfix; _boundedStep; _install; constructor; distance; finite; installFarmerTravelSafetyHotfix; status,
v3,src/farmer/kiting-farmer.js,85,KitingFarmerController; _engage; constructor; status,./basic-kiting; ./farmer-fsm
v3,src/farmer/live-navigation-hotfix.js,222,LiveNavigationHotfix; _classify; _event; _gameData; _install; _party; blockers; clone; constructor; installLiveNavigationHotfix; isLiveMonster; status,../core/patch-registry
v3,src/farmer/retreat-farmer.js,166,RetreatFarmerController; _activeStep; _consumePendingRetreat; _ensureEmergencyPending; _handlePendingRetreat; constructor; status,../core/task; ./farmer-fsm; ./safe-retreat; ./skill-farmer
v3,src/farmer/safe-retreat.js,89,SafeRetreatPolicy; constructor; evaluate; finite; status,
v3,src/farmer/skill-farmer.js,478,SkillFarmerController; _activeSkillFailureBackoffIds; _armSkillFailureBackoff; _engage; _executionAttemptRecord; _maybeReassessTarget; _nextSkillFailureRecord; _pruneSkillFailureBackoffs; _pruneSkillFailureState; _resetSkillFailureState; _shadowStep; _skillDecisionRecord; _skillFailureBackoffStatus; _skillFailureHistoryStatus; _updateSelectedSkill; constructor; status,./kiting-farmer; ./skill-usage; ./target-reassessment
v3,src/farmer/skill-usage.js,177,SkillUsagePolicy; canRetryCommandFailure; candidates; clamp01; constructor; evaluate; failureBackoffForStreak; finite; isDirectDamageSkill; select; status,
v3,src/farmer/target-efficiency.js,112,evaluateTargetEfficiency; finiteNonNegative; finiteNumber; maxKnown; normalizedType; resolveMonsterType,
v3,src/farmer/target-reassessment.js,192,TargetReassessmentPolicy; _highestThreatAlternative; _selfAttackers; constructor; evaluate; liveMonster; status; threatScore,../core/geometry
v3,src/farmer/target-safety.js,68,TargetSafety; add; constructor; evaluate; list; normalizeTargetToken; remove,
v3,src/game/adapter.js,437,GameAdapter; _G; _character; _entities; _entityById; _entityByIdOrName; _objects; _partySnapshot; _prepareArgs; canAttack; canCommand; canUseSkill; command; commandCatalog; commandDefinition; constructor; finite; getGameData; isSkillInRange; setMode; setSkillPolicy; skillAvailability; snapshot,
v3,src/game/command-outcomes.js,227,CommandOutcomeTracker; _effect; _terminal; _timeoutFor; constructor; drainTerminal; entityById; get; inventoryCount; issue; observe; status,../core/numeric; ../core/snapshot-entity-index
v3,src/game/stability-adapter.js,206,StabilityGameAdapter; _beforeState; _movementCircuitOpen; _reconcileMovement; _recordMovementFailure; command; commandOutcome; constructor; snapshot; stabilityStatus; supersedeMovement; takeCommandOutcomes,./adapter; ./command-outcomes
v3,src/index-production.js,76,install; replaceOlderRuntime,./control/cloud-presence-decoupling; ./index; ./merchant/controlled-merchant-production-executor; ./merchant/merchant-production-controller; ./merchant/merchant-production-planner; ./ops/object-storage-s3; ./production-live-services; ./reliability/live-farmer-merchant-recovery
v3,src/index.js,491,exportDiagnostics; install; refreshCapabilities; resolvedCharacterName; status,./autonomy/adaptive-pull-learning; ./autonomy/alpha10-runtime; ./autonomy/alpha11-runtime; ./autonomy/alpha12-hardened-runtime; ./autonomy/alpha13-runtime; ./autonomy/alpha14-runtime; ./autonomy/alpha15-runtime; ./autonomy/alpha16-runtime; ./autonomy/alpha17-runtime; ./autonomy/alpha18-runtime; ./autonomy/alpha19-runtime; ./autonomy/alpha20-5-farm-readiness-runtime; ./autonomy/alpha20-5-merchant-runtime; ./autonomy/alpha20-runtime; ./autonomy/alpha9-runtime; ./autonomy/aoe-farming-certification; ./autonomy/capability-resolver; ./autonomy/character-combat-profile; ./autonomy/combat-modes; ./autonomy/encounter-lifecycle; ./autonomy/local-farm-orchestrator; ./autonomy/local-farm-planner; ./autonomy/skill-catalog-service; ./autonomy/skill-policy; ./autonomy/skill-semantics; ./autonomy/smart-aoe-planner; ./brain/feature-encoder; ./brain/replay-buffer; ./brain/shadow-brain; ./composition/runtime-composition; ./core/event-log; ./core/scheduler; ./core/stable-scheduler; ./core/task; ./economy/bank-capacity-manager; ./economy/bank-expansion-transactions; ./economy/controlled-bank-consolidation-executor; ./economy/controlled-bank-expansion-executor; ./economy/controlled-merchant-executor; ./economy/controlled-merchant-space-recovery-hardened; ./economy/gear-progression; ./economy/inventory-ledger; ./economy/merchant-space-recovery-journal; ./economy/transaction-engine; ./farmer/content-safety; ./farmer/farmer-fsm; ./farmer/target-safety; ./game/command-outcomes; ./game/stability-adapter; ./merchant/controlled-merchant-service-executor; ./merchant/merchant-service-planner; ./ops/background-execution-guard; ./ops/control-gateway; ./ops/debug-monitor-ui; ./ops/headless-operations; ./ops/minute-countdown-reporter; ./ops/reconciliation-status; ./ops/session-monitor; ./ops/state-replica; ./ops/telemetry-outbox; ./party/capabilities; ./party/character-registry; ./party/control-lease; ./party/controlled-lifecycle-coordinator; ./party/controlled-paladin-aura-executor; ./party/fingerprints; ./party/lifecycle-store; ./party/moving-target-freshness; ./party/orchestrator; ./party/paladin-aura-policy; ./party/performance-store; ./party/telemetry-bridge; ./party/transition-controller; ./planner/farm-planner; ./release-version; ./research/research; ./runtime; ./stability/combat-stability-supervisor; ./stability/global-supervisor; ./stability/stability-runtime; ./telemetry/performance-tracker; ./travel/controlled-travel-executor; ./travel/route-cost-estimator; ./travel/safe-travel; ./world/content-drift; ./world/discovery; ./world/knowledge-aging; ./world/persistence; ./world/resilient-persistence; ./world/world-model
v3,src/merchant/controlled-merchant-production-executor.js,309,ControlledMerchantProductionExecutor; _api; _bankQty; _budgetOk; _character; _event; _failureQuarantine; _finish; _gameData; _inCombat; _inventory; _load; _persist; _preflight; _sleep; _start; _storageGet; _storageSet; _timeout; _transition; _verify; clone; configure; constructor; disable; execute; failureCode; failureDetails; levelOf; n; reconcile; status,./merchant-production-planner
v3,src/merchant/controlled-merchant-service-executor.js,534,ControlledMerchantServiceExecutor; _character; _command; _commit; _delay; _distanceTo; _entities; _event; _executeDelivery; _executeStand; _failed; _failure; _gameData; _inCombat; _inventory; _inventorySize; _inventorySnapshot; _load; _loadServedReports; _markServedReport; _persist; _preflight; _pruneFailures; _rawBudget; _readStorage; _servedReportAt; _servedRows; _sourceFor; _standOpen; _standSlot; _startOperation; _timeout; _transition; _trusted; _verify; _visibleTarget; _writeStorage; breaker; clone; configure; constructor; disable; execute; finite; reconcile; status,../game/adapter; ./merchant-service-planner
v3,src/merchant/merchant-mluck-policy.js,112,MerchantMluckPolicy; _row; cleanName; constructor; decide; finite; remainingMluckMs; status,
v3,src/merchant/merchant-mluck-service.js,286,MerchantMluckService; _attemptState; _character; _countReason; _effect; _entities; _event; _hold; _inRange; _partyNames; _pruneAttempts; _rawEntityByName; _recordDecision; _targets; cleanName; clone; configure; constructor; cycle; disable; finite; status,./merchant-mluck-policy
v3,src/merchant/merchant-production-controller.js,1812,acquireTask; acquisitionPhase; activeTargetIdentityFromObjective; alpha27Busy; auditProductionCoverage; character; clearProductionMaterialObjective; clearProductionMutationDemand; clone; collectionBusy; configure; controlledBusy; currentTask; cycle; cycleCore; disable; ensureAutoEnabled; ensureBankCatalog; evaluate; exchangeTaskIdentity; inCombat; input; installMerchantProduction; isMerchant; itemLevel; loadRealSoakCursor; merchantProductionDiagnostics; merchantProductionSetMode; merchantProductionStatusWrapped; merchantProductionStop; merchantProductionTick; mutationCandidateForPlan; mutationInputIndices; n; observeProductionSoakSample; observeRealProductionSoak; persistIntentForTarget; persistRealSoakCursor; productionCertificationGate; productionExchangeDemandActive; productionGearTargetSafety; productionMutationDemandActive; productionMutationPathPreflight; productionObjectiveStatus; productionPhaseForStep; productionRealSoakStatus; productionTargetForPlan; productionTaskKey; publishProductionMaterialObjective; realSoakStorageGet; realSoakStorageSet; recipientTargetState; reconcile; refreshInventoryLedgerForMutationDemand; registryFarmerEvidence; releaseTask; schedule; scheduleProductionMutation; setProductionExchangeDemand; setProductionMutationDemand; settleDeliveredProductionIntent; sourceExpiry; status; taskCoordinator; travelNamed; travelVendor; updateIntentAfterExecution; vendorNearby; workspaceReserveState,../party/acquisition-source-evidence; ../party/probabilistic-farm-time; ../party/production-material-acquisition; ../reliability/alpha27-atomic-service; ./controlled-merchant-production-executor; ./merchant-production-planner; ./persistent-bank-catalog; ./persistent-production-intent; ./production-graph-certification
v3,src/merchant/merchant-production-planner.js,867,MerchantProductionPlanner; _buildCandidate; _candidateOutputs; _event; _hold; _id; bankRows; clone; compatible; constructor; currentItem; finite; gradeForLevel; itemKey; itemQuantity; levelOf; mutationDescriptor; plan; planExchange; planMaterialConsolidation; recipeFor; registryCharacters; status; vendorIndex; vendorItemName,../economy/gear-progression; ../party/acquisition-source-evidence
v3,src/merchant/merchant-service-planner.js,244,MerchantServicePlanner; _delivery; _id; _need; _plan; _serviceContext; clone; constructor; familyItems; finite; itemQuantity; plan; status,../party/moving-target-freshness
v3,src/merchant/merchant-task-coordinator.js,124,MerchantTaskCoordinator; _event; _expire; acquire; blockedFor; clone; constructor; current; heartbeat; installMerchantTaskCoordinator; release; status,
v3,src/merchant/persistent-bank-catalog.js,110,PersistentBankCatalog; _get; _load; _set; clone; constructor; invalidate; needsRefresh; observe; rows; status; usable,./merchant-production-planner
v3,src/merchant/persistent-production-intent.js,270,PersistentProductionIntent; _archive; _candidateTargets; _get; _load; _persist; _set; _targetFromPlan; abort; clean; clone; complete; constructor; ensureForPlan; finite; reconcile; status; targetIdentity; update,
v3,src/merchant/production-graph-certification.js,482,ProductionAcquisitionCoverageAudit; ProductionGraphSoakAuditor; _drifted; _gameData; _get; _load; _persist; _set; _violate; auditAllGear; clone; constructor; finite; flush; mapDiagnosis; observe; productionGraphCertificationGate; recipeFor; resolveItem; status; vendorIndex; worst,../economy/gear-progression; ../party/production-material-acquisition
v3,src/ops/alert-escalation-manager.js,203,AlertEscalationManager; _findDedupe; _pruneRateWindow; acknowledge; boundedText; claim; clone; compactData; constructor; drain; emit; finite; peek; pending; status; sweep,
v3,src/ops/alpha18-combined-live-gate-hardened.js,61,Alpha18CombinedLiveGate; _eventsSince; _publish; clone; constructor,./alpha18-combined-live-gate
v3,src/ops/alpha18-combined-live-gate.js,437,Alpha18CombinedLiveGate; _character; _circuits; _controlledSnapshot; _event; _eventsSince; _inCombat; _maybeExpansionCanary; _normalizeSafeState; _observeWindow; _planProbe; _precheck; _publish; _resultText; _safeStateSnapshot; _sampleViolations; _wrongAckProbe; clone; constructor; counterDelta; finite; result; resultText; run; status; unique,../release-version
v3,src/ops/alpha19-combined-live-gate.js,631,Alpha19CombinedLiveGate; _api; _cancelOperation; _character; _circuits; _controlledSnapshot; _event; _eventsSince; _inCombat; _normalizeSafeState; _observeWindow; _planRecovery; _precheck; _publish; _recoveryCanary; _refreshPlanning; _resultText; _safeStateSnapshot; _sampleViolations; _sourceProbe; _wrongAckProbe; clone; constructor; delta; finite; result; resultText; run; status; unique,../release-version
v3,src/ops/alpha20-combined-live-gate-hardened.js,166,HardenedAlpha20CombinedLiveGate; _observeWindow; _safeStateSnapshot; _sampleViolations; cancel; clone; constructor; delta; finite; run; status,./alpha20-combined-live-gate
v3,src/ops/alpha20-combined-live-gate.js,773,Alpha20CombinedLiveGate; _candidateProbe; _character; _circuits; _context; _controlledEconomySnapshot; _countdownMessage; _currentMembers; _event; _eventsSince; _farmerEnabled; _gameLog; _inCombat; _lifecycleSnapshot; _normalizeSafeState; _observeWindow; _partyShape; _precheck; _publish; _refreshShadowEvidence; _restoreAutomaticPartyDecisions; _resultText; _safeStateSnapshot; _sampleViolations; _suppressAutomaticPartyDecisions; _transitionCanary; _transitionChildSnapshot; _wrongAckProbe; clone; constructor; delta; finite; result; resultText; run; sameNames; status; unique,../party/controlled-lifecycle-coordinator; ../party/controlled-paladin-aura-executor; ../release-version; ./minute-countdown-reporter
v3,src/ops/background-execution-guard.js,131,BackgroundExecutionGuard; _event; _fn; arm; constructor; installListeners; noteTick; removeListeners; setEnabled; start; status; stop,
v3,src/ops/control-gateway.js,133,ControlGateway; _emit; _receipt; _reject; _remember; _requiresElevated; constructor; short; status; submit; text,
v3,src/ops/controlled-auto-respawn.js,216,ControlledAutoRespawn; _beginDeath; _character; _dead; _event; _respawnBinding; _verifyRecovered; clamp; clone; constructor; finite; status; tick,
v3,src/ops/debug-monitor-ui.js,976,DebugMonitorUI; _anchorToPixels; _beginDrag; _beginResize; _button; _characterOverview; _copy; _doc; _enableAllSkills; _eventsText; _formatDuration; _listenInteraction; _primeSkills; _rect; _refreshCapabilitiesAfterSkillChange; _renderCharacterOverview; _renderSkillsPanel; _resetSkillProfile; _row; _runButtonText; _runStatus; _setCombatMode; _setMinimized; _setSkillEnabled; _setSkillParameter; _setStyle; _skillCharacter; _skillControlLabel; _skillPanelState; _skillRuntime; _skillStatusText; _statusSnapshot; _taskText; _toggleRun; _toggleSkillsPanel; _updateRunButton; _updateSkillsButton; _updateTitle; _viewport; _visibleVersion; _windowForDocument; clamp; constructor; destroy; hide; refresh; safeText; show; status,../autonomy/combat-modes; ./operator-run-control
v3,src/ops/flight-recorder.js,173,FlightRecorder; _compactRuntime; capture; clone; constructor; finite; latest; list; listIncidents; markIncident; recent; status,../core/event-log
v3,src/ops/group-liveness.js,164,GroupLivenessMonitor; clone; constructor; evaluate; finite; runtimeActiveNames; status; unique,
v3,src/ops/headless-operations.js,437,HeadlessOperations; _alertSeverity; _capture; _checkpointSnapshot; _emitAlert; _execute; _healthStatus; _installEventSink; _maybeCheckpoint; _observeReliability; _onEvent; acknowledgeAlert; compactCharacter; configureSafeRecovery; constructor; drainAlerts; drainTelemetry; flightRecorderSamples; flightRecorderWindow; hostHeartbeat; peekAlerts; peekStateReplica; peekTelemetry; reliabilityCheckpoint; reliabilityIncidents; safeCall; safeRecoveryStatus; status; submit; takeStateReplica,./alert-escalation-manager; ./control-gateway; ./flight-recorder; ./group-liveness; ./host-watchdog-beacon; ./reliability-checkpoint; ./runtime-watchdog; ./safe-recovery-coordinator; ./state-replica; ./telemetry-outbox
v3,src/ops/host-watchdog-beacon.js,98,HostWatchdogBeacon; clone; constructor; emit; finite; peek; status,
v3,src/ops/live-recovery-log-validator.js,317,characterOf; check; compareNumericVersions; eventTime; eventsOf; findEvents; hasReason; isMerchant; latestRegroupCompletionTime; numericVersionParts; ordered; regroupEvidence; sessionVersion; validateBaseSession; validateFarmer; validateLiveSessionSet; validateMerchant,
v3,src/ops/minute-countdown-reporter.js,56,MinuteCountdownReporter; constructor; start; status; tick,
v3,src/ops/object-storage-s3.js,492,ObjectStorageError; S3CompatibleObjectStore; _request; amzTimestamp; assertCrypto; bytesOf; canonicalPath; canonicalQuery; classifyHttpFailure; clone; constructor; createStoreFromGlobal; deleteVersion; head; hmacSha256; installObjectStorageApi; normalizeHeaderValue; normalizePrefix; objectKey; objectUrl; put; putAndVerify; readGlobalConfig; rfc3986; safeConfigStatus; sanitizeError; selfTest; sha256Hex; signS3Request; status; text; toHex; validateConfig; validateRelativeKey; validateVersionId,
v3,src/ops/operator-run-control.js,219,OperatorRunControl; _event; _reconciliation; _record; _running; _runtimeStatus; bounded; clamp; clone; constructor; finite; start; status; stop,./reconciliation-status
v3,src/ops/reconciliation-status.js,220,bounded; buildReconciliationStatus; circuitOpen; circuitSummary; count; finite; safeStability; safeStatus; stateCount,
v3,src/ops/reliability-checkpoint.js,251,ReliabilityCheckpointStore; _backend; _blockQuota; _decode; _physicalStorageKey; _pointerKey; _projectedStorageChars; _slotKey; checksum; clone; constructor; finite; latestEvidence; load; save; status,../world/persistence
v3,src/ops/runtime-watchdog.js,180,RuntimeProgressWatchdog; _activityExpected; _ages; _transition; constructor; finite; observe; snapshotToken; status,
v3,src/ops/safe-auto-updater.js,678,SafeAutoUpdater; _activeSlot; _binding; _drainActive; _economyBusy; _event; _fetchText; _installDrainGuards; _recentEmergency; _reloadHandshakeState; _reloadSavedCode; _resetApplyBackoff; _rollbackRuntime; _saveCode; _scheduleApplyBackoff; _setDrainActive; _sleep; _stableSafe; _validateBundle; _waitForReloadHandshake; applyPending; autoUpdateDrainEconomyCycle; autoUpdateDrainFarmerStep; autoUpdateDrainLogisticsTick; characterOf; check; compareVersions; constructor; cycle; entitiesOf; errorDetails; finite; installSafeAutoUpdater; liveMonster; releaseVersionFromSource; safety; status; text; versionParts,../control/cloud-free-tier-budget
v3,src/ops/safe-recovery-coordinator.js,236,SafeRecoveryCoordinator; _applySafeMode; _disableAuthority; _pruneBudget; _record; _stage; clone; configure; constructor; disable; finite; observe; status,
v3,src/ops/session-monitor.js,284,SessionMonitor; _character; _document; _navigator; _status; bundle; clone; constructor; copyToClipboard; eventDigest; exportSession; finite; safeCall; sessionId; status; summary,
v3,src/ops/state-replica.js,99,HeadlessHealth; StateReplica; capture; constructor; noteSnapshot; noteStart; noteTick; peek; status; take,
v3,src/ops/telemetry-outbox.js,88,TelemetryOutbox; ackThrough; capture; cloneJson; constructor; drain; peek; status,
v3,src/party/account-character-transport.js,280,AccountCharacterTransport; _directCode; _event; _installCmRouter; _readFunction; _uninstallCmRouter; activeCharacters; activeNames; aioNamedReceiverOnCm; boundedMessage; cleanName; constructor; installDirectReceiver; isOwned; localName; ownedNames; send; setTrustedNames; status; trustedRosterNames; uninstallDirectReceiver; uniqueNames,../game/adapter
v3,src/party/acquisition-source-evidence.js,262,clean; clone; eventEntryActive; eventStatus; finite; isEventBackedSource; isExchangeBackedSource; isQuestBackedSource; normalizeEventEnd; questDestination; registeredEventSource; serverEventState; sourceEventDescriptor; sourceKind,
v3,src/party/alpha20-15-combat-logistics-hotfix.js,368,Alpha2015CombatLogisticsHotfix; _event; alpha2015ExecuteGrant; alpha2015FarmerTick; alpha2015HandleGoldOffer; alpha2015LogisticsStatus; alpha2015LootCandidate; alpha2015LootDescriptor; alpha2015OfferGold; alpha2015OfferInventoryItem; alpha2015VerifyOutbound; cleanName; constructor; distance; finite; installAlpha2015CombatLogisticsHotfix; installAlpha2015Logistics; installFarmerRankingGuard; isPotion; normalizeRanking; patchLogisticsPrototype; status,./controlled-party-logistics
v3,src/party/alpha20-15-logistics-fairness-hotfix.js,40,alpha2015FairFarmerTick; patchAlpha2015LogisticsFairness,./controlled-party-logistics
v3,src/party/alpha20-19-account-transport-hotfix.js,191,adapterCommandBinding; as; boundedMessage; commandBinding; finite; fn; installAlpha2019AccountTransportHotfix; shouldLogDirectSkip; state; strongLiveEvidence,../party/account-character-transport
v3,src/party/alpha20-19-logistics-stabilization.js,137,alpha2019Install; alpha2019Prune; alpha2019Send; alpha2019Status; alpha2019StatusPayload; clearFailedOffer; ensureStats; offerMatches; patchAlpha2019LogisticsStabilization,./controlled-party-logistics
v3,src/party/capabilities.js,37,capabilitiesFor; partyProfile,
v3,src/party/character-registry.js,500,CharacterRegistry; _event; _evictFor; _makeRecord; _merge; _snapshotRecord; _sourceRank; clamp01; cloneJson; constructor; extractStats; finite; get; levelUnlockedSkills; list; materialView; normalizeClass; normalizeEquipment; normalizeInventory; normalizeName; normalizeStats; normalizeSupplies; observe; seedRoster; status; summarizeSupplies,
v3,src/party/control-lease.js,329,PartyControlLease; _ackKey; _character; _event; _handleInvite; _isControlMessage; _isTrusted; _localName; _prune; _reject; _send; _validInviteLease; _validateLeaseEnvelope; authorizeIncoming; cleanName; cleanTransactionId; constructor; finite; install; onPartyControlInvite; onPartyControlMessage; receive; setMerchantName; setTrustedNames; sleep; status; uninstall,../game/adapter
v3,src/party/controlled-lifecycle-coordinator-base.js,573,ControlledPartyLifecycleCoordinator; _backend; _clearDevelopmentSession; _commitOperation; _event; _gate; _localCharacter; _planDevelopmentSession; _pruneFailures; _recordFailure; _reserve; _sameNames; _sanitizeDevelopmentSession; _selectPlan; _startDevelopmentSession; breaker; clone; configure; constructor; disable; executePlan; finite; load; maybeExecute; plan; reconcile; save; status; uniqueNames,./lifecycle-store
v3,src/party/controlled-lifecycle-coordinator.js,225,ControlledPartyLifecycleCoordinator; _planDevelopmentSession; _sanitizeDevelopmentSession; _selectPlan; _startDevelopmentSession; clone; finite; reconcile; uniqueNames; validPartySize,./controlled-lifecycle-coordinator-base; ./lifecycle-store
v3,src/party/controlled-paladin-aura-executor.js,97,ControlledPaladinAuraExecutor; _character; _event; configure; constructor; disable; execute; status,./paladin-aura-policy
v3,src/party/controlled-party-bootstrap-base.js,734,ControlledPartyBootstrap; _activeSnapshot; _assertGeneration; _character; _configureTrust; _event; _invite; _isBootstrapMessage; _leaderRepairKey; _noteFailure; _noteLeaderRepairFailure; _observableLeader; _observe; _partyListNames; _partyNames; _repairNonMerchantLeader; _setState; _verifyPresence; _waitUntil; cancel; cleanName; constructor; farmingGate; install; onPartyBootstrapMessage; randomToken; receive; resume; sleep; status; tick; trustedRosterNames; uninstall; waitForIdle,../game/adapter; ./account-character-transport
v3,src/party/controlled-party-bootstrap.js,335,ControlledPartyBootstrap; _applyDynamicRoster; _discoverySignature; _observe; _pendingObservation; _refreshDynamicRoster; _seedRegistry; cleanName; constructor; explicitRoster; farmingGate; localCharacter; padForLegacyBase; provisionalDynamicRoster; resolveCommandAdapter; resolveMerchantName; resume; status; tick; uniqueNames,../game/adapter; ./controlled-party-bootstrap-base; ./dynamic-party-roster-discovery
v3,src/party/controlled-party-logistics.js,1563,ControlledPartyLogistics; _blockRejectedLoot; _broadcastStatus; _character; _elixirRequest; _elixirState; _envelope; _event; _executeGrant; _farmerPosition; _farmerTick; _handleGoldOffer; _handleLootOffer; _isMerchant; _isTrustedActive; _livePosition; _localName; _lootBlocked; _lootSignature; _maybePublishElixirFarmObjective; _maybeUseElixir; _merchantCapacity; _merchantName; _merchantStatusFresh; _merchantTick; _metadata; _offerOutbound; _processSupply; _productionMaterialMatch; _prune; _reconcileActiveLootGrants; _rememberRendezvous; _rendezvousMerchant; _requestSupply; _safeForOutbound; _safeLootCandidate; _safeLootDescriptor; _send; _statusPayload; _supplyDeficit; _trustedNames; _validEnvelope; _verifyPendingElixirEquip; _verifyPendingOutbound; _verifyPendingSupply; _withinTransferRange; cleanName; clearProductionMaterialObjective; clone; constructor; countItem; distance; finite; install; installControlledPartyLogistics; inventoryMetrics; onPartyLogisticsMessage; publishProductionMaterialHandoffReady; publishProductionMaterialObjective; receive; status; tick,../economy/sell-safety; ./elixir-policy
v3,src/party/dynamic-party-roster-discovery.js,375,DynamicPartyRosterDiscovery; _accountSnapshot; _activeSnapshot; _candidate; _local; cleanCtype; cleanName; constructor; metadata; normalizeCharacter; onlineFlag; rawRows; readFunction; refresh; status; uniqueCharacters,
v3,src/party/elixir-policy.js,225,activeElixir; bestFarmSource; bestMeasuredKillsPerHour; bestOwnedElixir; clone; directDropChance; elixirCandidates; finite; flattenDropTable; monsterSpawn; planElixirAcquisition; preferredAcquisitionElixir; primaryStatFor; rewardChanceForExchange,
v3,src/party/fingerprints.js,93,clamp; createEncounterFingerprint; createPartyFingerprint; createPullLearningFingerprint; dominantMonster; finite; gearSignature; hash; memberFingerprint; monsterMetadata; stableStringify,
v3,src/party/lifecycle-store.js,289,PartyLifecycleStore; _backend; _event; _prune; _sanitize; clamp01; clone; constructor; evaluate; finite; get; list; load; save; status,
v3,src/party/merchant-party-history.js,288,MerchantPartyHistory; _backend; _event; _prune; clone; constructor; finite; get; list; load; normalizeClass; normalizeGear; normalizeName; observe; planningRows; save; status; uniqueNames,
v3,src/party/moving-target-freshness.js,156,clamp; cleanMotion; deriveMotion; distance; finite; point; positionFreshness; sameMap,
v3,src/party/orchestrator-base.js,56,PartyOrchestrator; _event; _measured; _summary; _theory; avg; candidates; clamp01; combinations; constructor; countClass; decide; finite; hasSkill; noteSwitch; score; setExplorationEnabled; status,./fingerprints
v3,src/party/orchestrator.js,59,PartyOrchestrator; _theory; candidates; clamp01,./fingerprints; ./orchestrator-base
v3,src/party/paladin-aura-policy.js,20,PaladinAuraPolicy; constructor; noteApplied; recommend; status,
v3,src/party/party-account-communication.js,224,PartyAccountCommunicationReliability; _armTelemetryBackoff; _clearTelemetryBackoff; _event; _installControlTransport; _installTelemetryTransport; _installTelemetryTrustBoundary; _localName; bounded; commandAdapterFor; constructor; install; installPartyAccountCommunication; status,../game/adapter; ../party/account-character-transport
v3,src/party/party-bootstrap-farmer-gate.js,111,PartyBootstrapFarmerGate; _install; _trustedPendingDecision; constructor; installPartyBootstrapFarmerGate; status,../core/task
v3,src/party/party-bootstrap-merchant-discovery-hotfix-base.js,29,PartyBootstrapMerchantDiscoveryHotfix; constructor; installPartyBootstrapMerchantDiscoveryHotfix; status,
v3,src/party/party-bootstrap-merchant-discovery-hotfix.js,23,PartyBootstrapMerchantDiscoveryHotfix; constructor; installPartyBootstrapMerchantDiscoveryHotfix,./party-bootstrap-merchant-discovery-hotfix-base
v3,src/party/party-focus-fire-hotfix.js,217,PartyFocusFireHotfix; _anchorName; _anchorTargetId; _combatNames; _currentIsSelfDefense; _event; _focusTarget; _install; _installReassessment; _installSelection; _safeCandidateSet; constructor; distance; installPartyFocusFireHotfix; status,
v3,src/party/party-persistence-quota-hotfix.js,382,PartyPersistenceQuotaHotfix; _backendKind; _block; _compactPerformanceValue; _event; _install; _performancePayload; _physicalKey; _pressureCompaction; _projectedChars; _recordCompaction; _recoverStoredPerformance; _storage; _wrapStore; constructor; installPartyPersistenceQuotaHotfix; status,../world/persistence
v3,src/party/party-topology.js,99,PartyTopology; cleanName; cleanType; constructor; inspectPartyTopology; normalizeMember,
v3,src/party/performance-store.js,51,PartyPerformanceStore; _backend; _event; _key; _prune; _sanitize; clamp01; constructor; finite; load; profile; record; save; status,
v3,src/party/probabilistic-farm-time.js,173,clamp; finite; gammaQuantileUnitRate; probabilisticFarmTime; probabilisticOperations; throughputConfidence; uncertaintyMultiplier,
v3,src/party/production-material-acquisition.js,737,aggregateFarmSteps; bestDirectMaterialFarmSource; bestExchangeMaterialFarmSource; bestMaterialFarmSource; bestMeasuredKillRate; bestMeasuredKillsPerHour; chooseProductionTeamFarmObjective; clone; currentPartyFingerprintKey; diagnoseUnavailableMaterialSource; estimateBlockedProductionCandidate; exchangeRewardProfile; finite; knownSpawns; merchantHeldQuantity; partyHeldQuantity; quantityInRows; sourceSafe,../autonomy/local-farm-planner; ./acquisition-source-evidence; ./elixir-policy; ./probabilistic-farm-time
v3,src/party/team-combat-cohesion-hotfix-base.js,943,TeamCombatCohesionHotfix; _activeTeamCombat; _broadcastLeaderTarget; _canMoveTo; _candidateAllowed; _combatGate; _combatMembers; _configStatus; _ensureTeamTargetReplication; _event; _followLeader; _followWaypoint; _freshReplicatedLeaderTarget; _installCombatMovementGates; _installKitingCohesionGuard; _installLocalFarmTeamMovement; _installMaterialObjectiveTargetGuard; _installTargetSelection; _installTeamTargetReplication; _isActiveTeamCombatTarget; _isSharedAggroTarget; _localSupply; _member; _oversizedNewTarget; _rawParty; _resolveLeaderTarget; _selectTeamLeader; _sharedAggro; _syncOrbitDirection; _team; _teamBlockReason; _trustedNames; _tuneKiting; _visiblePlayer; constructor; distance; finite; installTeamCombatCohesionHotfix; lower; ratio; status,
v3,src/party/team-combat-cohesion-hotfix.js,251,TeamCombatCohesionHotfix; _combatMembers; _configStatus; _crossMapHold; _expectedCombatNames; _followLeader; _installLocalFarmTeamMovement; _selectTeamLeader; _team; combatLeaderPriority; distance; finite; installTeamCombatCohesionHotfix; lower; ratio; selectCombatLeader,./team-combat-cohesion-hotfix-base
v3,src/party/telemetry-bridge.js,202,PartyTelemetryBridge; _character; _cleanReport; _event; aggregate; buildLocalReport; capabilityReports; clamp; cleanEncounterOutcome; cleanText; constructor; encounterOutcomeList; encounterOutcomes; finite; installReceiver; onPartyTelemetry; potionSummary; prune; receive; setMerchantName; setTrustedNames; status; tick; uninstallReceiver,../autonomy/capability-sync; ../game/adapter; ./moving-target-freshness
v3,src/party/transition-controller-base.js,390,PartyTransitionController; _activeCharacters; _authorizeInvite; _command; _controlLeaseStatus; _event; _finish; _invite; _isPresentState; _isRunningState; _localCharacter; _partyNames; _readFunction; _recover; _start; _stop; _waitUntil; constructor; execute; namesOf; preflight; setCodeSlots; setControlLease; setLiveEnabled; setMerchantName; sleep; status,../game/adapter
v3,src/party/transition-controller.js,43,PartyTransitionController; memberName; preflight,./transition-controller-base
v3,src/planner/farm-planner.js,66,FarmPlanner; constructor; normalize; rank,../core/numeric
v3,src/production-live-services.js,220,emitFailure; exposeDiagnostics; installProductionLiveServices; refreshAdventureLandSpriteHook; runService,./reliability/alpha25-control-center-brain; ./reliability/alpha26-cloud-update-logistics-ui-hotfix; ./reliability/alpha27-combat-merchant-convergence; ./reliability/alpha27-merchant-legacy-ownership-guard; ./reliability/alpha27-merchant-travel-intelligence; ./reliability/alpha31-party-role-liveness-hotfix; ./reliability/alpha32-navigation-merchant-recovery; ./reliability/alpha33-mark-orbit-merchant-delivery; ./reliability/p0-potion-bundle-delta-fix; ./reliability/p0-potion-hardcap-4500; ./reliability/p0-potion-policy-4500; ./reliability/p0-regroup-supply-recovery
v3,src/release-version.js,5,,
v3,src/reliability/alpha20-20-alpha22-autonomy.js,240,Alpha2020Alpha22Autonomy; MarketValueOracle; MerchantEconomyAutonomy; _active; _add; _begin; _buy; _c; _combat; _command; _compound; _drain; _ensure; _g; _gearTransfer; _goals; _hook; _inv; _key; _loadJournal; _merchant; _move; _need; _prune; _reports; _restockPotions; _saveJournal; _serviceMove; _sleep; _state; _storage; _trusted; _upgrade; _verify; _visible; addObservation; classifyItem; constructor; count; cycle; dist; fn; gd; gradeForLevel; installAlpha2020Alpha22Autonomy; installCombatContinuity; installCombatLootHandoff; installQuotaSafeBroadcastFallback; metrics; observe; quote; rows; status; tick,../economy/sell-safety; ../party/alpha20-15-combat-logistics-hotfix; ../party/alpha20-15-logistics-fairness-hotfix; ./integrated-party-control
v3,src/reliability/alpha20-20-live-regression-hotfix.js,188,Alpha2020LiveRegressionHotfix; constructor; finite; goalKey; goalSignature; installAlpha2020LiveRegressionHotfix; installMerchantGearDeliveryGuard; installStaleEncounterCleanup; status; targetGone,
v3,src/reliability/alpha20-21-cloud-persistence-recovery.js,219,Alpha2021CloudPersistenceRecovery; FalseNoveltyReconciler; _event; _fact; _falseNoveltyShape; _installLatePieces; _itemHistory; _markObserved; _monsterHistory; _recoverItem; _recoverMonster; beforeTick; clone; constructor; finite; hashString; installAlpha2021CloudPersistenceRecovery; installMerchantNoopBackoff; installTeacherGuard; installTechnicalTargetNavigationFilter; installUpdateQuiesce; inventoryRows; merchantSignature; stable; status; teacherSignal,../autonomy/local-farm-planner; ../control/cloud-long-term-persistence; ../farmer/content-safety; ../world/world-model
v3,src/reliability/alpha20-22-live-smoke-recovery.js,167,Alpha2022LiveSmokeRecovery; _installLatePieces; beforeTick; clone; constructor; finite; installAlpha2022LiveSmokeRecovery; installCloudBackoff; installCmQuotaBackoff; installLocalFarmTerrainGuard; installPersistenceBackoff; isD1QuotaMessage; isNetworkMessage; isStorageQuotaMessage; nextUtcReset; rootFn; status; text,
v3,src/reliability/alpha20-23-idle-deadlock-recovery.js,216,Alpha2023IdleDeadlockRecovery; addPartyNames; constructor; contentAllowsNavigationRelease; friendlyNamesOf; gameDataOf; installAlpha2023IdleDeadlockRecovery; installNeverTargetNavigationRelease; knownMonster; recordRelease; status; text,
v3,src/reliability/alpha20-33-combat-logistics-regression-hotfix.js,385,Alpha2033CombatLogisticsRegressionHotfix; cloneSnapshotWithGold; constructor; distance; emit; finite; hasIncomingAggro; installActiveAggroKiteCohesionBypass; installAlpha2033CombatLogisticsRegressionHotfix; installFarmerGoldWindow; installMerchantIncomingAggroAuthority; installSupportAggroMovementGate; liveMonster; nameOf; point; runtimeCharacter; snapshotEntities; status,
v3,src/reliability/alpha21-liveness-guards.js,345,actionableRendezvousRows; alpha21Need; alpha21OfferOutbound; alpha21PartyService; alpha21RememberRendezvous; alpha21RendezvousMerchant; alpha21RendezvousStatus; boundedReachableMove; canMoveTo; distance; finite; movementCircuitOpen; outboundWork; patchAlpha21LivenessGuards; patchControlledPartyLogisticsRendezvous; patchEconomyV2PartyStarvation,../party/controlled-party-logistics; ./economy-equipment-autonomy-v2
v3,src/reliability/alpha21-progression-intelligence.js,478,ProgressionIntelligence; _busy; _ensureReceiver; _event; _freshObjective; _installGearPriority; _installPlannerPreference; _installRuntimeHook; _objectiveMatchesParty; _party; _partyIdentity; _plan; _publish; _syncShared; _team; _teamMaxHp; constructor; enumerateProgressionCandidates; evaluateProgressionReadiness; installAlpha21ProgressionIntelligence; monsterDifficulty; progressionGoalScore; readinessBottleneck; relativeMonsterDifficulty; status; tick,../autonomy/local-farm-planner; ../party/fingerprints
v3,src/reliability/alpha23-combat-stability-hotfix.js,40,Alpha23CombatStabilityHotfix; constructor; distance; finite; installAggroAuthoritativeKiting; installAlpha23CombatStabilityHotfix; installCohesionInvariantRepair; installCombatFormationHold; installCommittedPullContinuation; liveTarget; nameOf; status,
v3,src/reliability/alpha24-adaptive-range-risk-logistics-hotfix.js,520,Alpha24AdaptiveRangeRiskLogisticsHotfix; clamp; classFallbackRange; classifyCombatStyle; constructor; ctypeOf; distance; estimateExpectedKillSeconds; estimatePartyDps; finite; gameData; installAdaptiveRangePositioning; installAlpha24AdaptiveRangeRiskLogisticsHotfix; installEfficiencyAwareTargeting; installKiteAwareRisk; installMerchantMovementAuthority; liveMonster; memberRows; nameOf; radialWaypoint; registryCharacters; status; tankProfile,
v3,src/reliability/alpha25-control-center-brain.js,528,Alpha25ControlCenterBrain; _applyExtendedSettings; _syncLateProgressionPolicy; adventureLandAssetUrl; beforeTick; configureCloud; constructor; equipmentShadeCatalog; gameDataSources; inferredImageSetRows; installAdventureLandItemSprites; installAlpha25ControlCenterBrain; itemAutomationCatalog; itemNpcCatalog; itemSpriteCatalog; liveCharacterOf; mergeGameData; observedAutomationItems; patchSettings; positionFromImageSets; spriteMeta; spritePosition; status,../brain/strategic-brain-v2; ../control/cloud-control-plane; ../control/control-plane-config; ../economy/item-economic-evaluator; ./alpha27-combat-merchant-convergence
v3,src/reliability/alpha26-cloud-update-logistics-ui-hotfix.js,302,Alpha26CloudUpdateLogisticsUiHotfix; beforeTick; clearPlannedAutoUpdateMarker; constructor; finite; hasOutboundTransferWork; installAlpha26CloudUpdateLogisticsUiHotfix; installAutoUpdateRestartTelemetry; installCloudTransportAuthority; installDemandDrivenRendezvous; readPlannedAutoUpdateMarker; restartHosts; scheduleGuiCollapsedStart; status; writePlannedAutoUpdateMarker,../ops/safe-auto-updater; ../release-version
v3,src/reliability/alpha27-atomic-constants.js,12,,
v3,src/reliability/alpha27-atomic-core.js,50,Alpha27AtomicCore; _event; constructor; merchantActive; merchantInCombat; supervisorAllowed,./alpha27-atomic-constants; ./alpha27-utils
v3,src/reliability/alpha27-atomic-economy.js,539,Alpha27AtomicEconomy; _deferredAtomicResult; _handleAtomicPreflightReject; _mutationPartyCurrentValue; _mutationReplacementStock; _mutationRiskThreshold; _normalizeMutationChance; executeAtomic; mutationRiskDecision; patchControlledMerchant; status,./alpha27-atomic-constants; ./alpha27-atomic-service; ./alpha27-utils
v3,src/reliability/alpha27-atomic-ledger.js,297,Alpha27AtomicLedger; patchInventoryLedger,../economy/item-economic-evaluator; ./alpha27-atomic-constants; ./alpha27-atomic-core; ./alpha27-utils
v3,src/reliability/alpha27-atomic-service.js,393,Alpha27AtomicService; _armServiceTravelBackoff; _serviceTravelBackoffKey; _sleep; _timeout; bufferedInteractionRange; ensureMutationService; ensureScroll; interactionMaxRange; mutationServiceDestination; namedServiceTravel; resolveServiceDestination; serviceDistance; serviceNpcId; serviceTravelBackoffFor; usableNpcLocation; verifyEventually,./alpha27-atomic-constants; ./alpha27-atomic-transactions; ./alpha27-utils
v3,src/reliability/alpha27-atomic-transaction-engine.js,179,Alpha27AtomicTransactionEngine; patchTransactionEngine; targetedGearCompoundInputAllowed,./alpha27-atomic-constants; ./alpha27-atomic-ledger; ./alpha27-utils
v3,src/reliability/alpha27-atomic-transactions.js,263,Alpha27AtomicTransactions; _ledgerEntry; atomicPreflight; clearMutationRiskHold; mutationAttemptBudget; mutationRetryBlocked; mutationRiskHoldFor; mutationRiskKey; override; plannedScrollDemand; setMutationRiskHold,./alpha27-atomic-constants; ./alpha27-atomic-transaction-engine; ./alpha27-utils
v3,src/reliability/alpha27-bank-recovery.js,575,Alpha27BankRecovery; _batchCapacity; _contentUnsafe; _currentTrustedPartyNames; _event; _finishBatch; _inventoryPressure; _offlineGearReservationState; _recoverableRows; _startBatch; constructor; execute; hardProtected; hasActiveBatch; itemKey; plan; quantity; status,../merchant/controlled-merchant-production-executor; ../merchant/merchant-production-planner; ./alpha27-utils
v3,src/reliability/alpha27-combat-merchant-convergence.js,331,Alpha27CombatMerchantConvergence; _event; _executeAtomic; _patchCohesionRecovery; _patchPartyFocusAuthority; _patchRuntimeTick; _patchTeamTargetAuthority; _planCompound; _planSellOrBank; _planUpgrade; _restockPartyPotions; boundedOptions; constructor; initialStats; installAlpha27CombatMerchantConvergence; installLegacyProgressionGradeGuard; selectedLegacyCompoundGrade; selectedLegacyUpgradeGrade; status; synchronizeLegacyCompoundPolicy; synchronizeLegacyUpgradePolicy,../merchant/merchant-task-coordinator; ./alpha27-atomic-economy; ./alpha27-combat-ownership; ./alpha27-merchant-autonomy; ./alpha27-utils; ./alpha28-live-authority-liveness
v3,src/reliability/alpha27-combat-ownership.js,295,Alpha27CombatOwnership; _event; constructor; ensureTargetReceiver; patchCohesionRecovery; patchPartyFocusAuthority; patchPartyTelemetry; patchPerformance; patchTeamTargetAuthority; patchWorldPerformanceQuarantine; publishFarmerTarget; status; tick,./alpha27-utils
v3,src/reliability/alpha27-merchant-autonomy.js,870,Alpha27MerchantAutonomy; _adaptivePartySupplyPlan; _clearPartySupplyChain; _collectionSettleMs; _collectionSnapshot; _latchPartySupplyPlan; _p0BatchContinuation; _partySupplyChainTimeoutMs; _partySupplyDeliveryCommitted; _partySupplyPlanFreshMs; _partySupplyTerminalHold; _refreshInventoryPlanning; _taskAcquire; _taskBlockedByOther; _taskCurrent; _taskRelease; _updateCollectionSession; collectionStatus; constructor; criticalPartySupplyPlan; cycle; executeEconomyRequest; holdForCollectionSession; holdForCriticalPartySupply; preemptReservedForPartySupply; progressOrDeliverFarmerGear; status; tick; work,./alpha27-atomic-constants; ./alpha27-bank-recovery; ./alpha27-merchant-constants; ./alpha27-merchant-planning; ./alpha27-utils; ./merchant-self-gear
v3,src/reliability/alpha27-merchant-constants.js,6,,
v3,src/reliability/alpha27-merchant-core.js,117,Alpha27MerchantCore; _event; constructor; patchMerchantServiceGearDelivery,./alpha27-atomic-constants; ./alpha27-merchant-constants; ./alpha27-utils
v3,src/reliability/alpha27-merchant-legacy-ownership-guard.js,119,alpha27OwnsMerchant; characterOf; emitInstalled; guardCycle; guardPrimitive; installAlpha27MerchantLegacyOwnershipGuard; markDelegated; status,
v3,src/reliability/alpha27-merchant-planning.js,792,Alpha27MerchantPlanning; _compoundFeederEligible; _compoundReachability; _gearFinalizationRecord; _liveGearItemForGoal; _mutationTravelBackoff; _targetedCompoundRequest; _targetedUpgradeRequest; activeTransaction; constructor; deliverGearGoal; gearDeliveryCandidate; partyReport; planCompound; planGearDeliveryFinalization; planSellOrBank; planUpgrade; planWorkspaceBank; reconcileRecovering,./alpha27-atomic-constants; ./alpha27-merchant-constants; ./alpha27-merchant-service; ./alpha27-utils
v3,src/reliability/alpha27-merchant-service.js,188,Alpha27MerchantService; ensureAutonomousAuthorities; ensureStandClosed; patchRuntimeEconomyStatus; restockPartyPotions; transactionFamilyOpen,./alpha27-atomic-constants; ./alpha27-merchant-constants; ./alpha27-merchant-core; ./alpha27-utils
v3,src/reliability/alpha27-merchant-travel-intelligence.js,393,directWalkAvailable; distance; ensureScrollAfterVerifiedTravel; estimateServiceTravelStrategy; estimateTravelStrategy; estimateWalkMs; installAlpha27MerchantTravelIntelligence; namedServiceTravelIntelligent; resolveServiceDestinationIntelligent; restockPartyPotionsAfterVerifiedTravel; serviceNpcCandidates; status; townLocation; uniq; usableNpcLocation,./alpha27-utils
v3,src/reliability/alpha27-utils.js,149,characterOf; clone; errorDetails; errorReason; farmerOwnedCombatBusy; findItem; finite; gameDataOf; gradeForLevel; identityQuantity; inventoryOf; isAliveMonster; isPoisonedPerformanceProfile; levelOf; levelRequirement; monsterMap; ownedTargetId; potionCount; qtyOf; rawFunction; text; transactionInputs; xpDelta,
v3,src/reliability/alpha28-brain-cloud.js,116,Alpha28BrainCloud; clone; constructor; ensureSettings; event; patchPlanner; repairCloudEndpoint; status; tick,../control/cloud-free-tier-budget
v3,src/reliability/alpha28-cross-map-farmer.js,452,Alpha28CrossMapFarmerProgression; _ensureReceiver; _execute; _failSafe; _inCombat; _makeLeaderObjective; _makeRegroupObjective; _objectiveKind; _objectiveValid; _partyIdentity; _progression; _publishCrossMap; _publishRegroup; _sharedObjective; _snapshot; _startControlled; _supervisorAllowed; _team; _transport; characterOf; clearMaterialObjective; clone; constructor; event; finite; patchProgressionStatus; status; tick,../autonomy/local-farm-planner; ../game/adapter; ../party/fingerprints
v3,src/reliability/alpha28-ledger-farmer-fixes.js,204,Alpha28LedgerFarmerFixes; constructor; distance; ensurePatches; event; finite; patchAreaPressure; patchCohesionSemantics; patchFarmerTargetLiveness; patchLedger; status,
v3,src/reliability/alpha28-live-authority-liveness.js,181,Alpha28LiveAuthorityLiveness; _event; _patchRuntimeTick; alpha28ScopedControlledAuthorityGuard; constructor; failureReason; installAlpha28LiveAuthorityLiveness; installMerchantFailureReasonNormalization; installScopedControlledAuthorityGuard; status,./alpha20-23-idle-deadlock-recovery; ./alpha20-33-combat-logistics-regression-hotfix; ./alpha28-brain-cloud; ./alpha28-cross-map-farmer; ./alpha28-ledger-farmer-fixes; ./alpha28-merchant-transfers
v3,src/reliability/alpha28-merchant-transfers.js,227,Alpha28MerchantTransfers; _findSource; _isMerchant; _trusted; _validateSource; constructor; event; installApi; patchService; request; status; tick,./alpha27-utils
v3,src/reliability/alpha31-party-role-liveness-hotfix.js,678,Alpha31PartyRoleLivenessHotfix; _applyMerchantPotionHysteresis; _canMoveTo; _driveMerchantAutonomy; _event; _installAggroOrbit; _installFollowerRegroup; _installFreshPartyPositions; _installMerchantTravelAttestation; _merchantServiceAttestation; _monsterMovementProfile; _observeFollowerSmartMove; _orbitDirection; _orbitWaypoint; _radialEscape; _regroupSafetyBusy; _segmentSafe; _setOrbitDirection; _stopFollowerSmartMove; _supersedeMovement; beforeTick; characterOf; clamp; constructor; distance; finite; gameDataOf; installAlpha31PartyRoleLivenessHotfix; liveMonster; status,
v3,src/reliability/alpha32-navigation-merchant-recovery.js,495,Alpha32NavigationMerchantRecovery; _abortActiveMerchantTravel; _blockedTargetIds; _canMoveTo; _driveMerchantRecovery; _event; _gatePreflight; _installBlockedTargetSelection; _installGearDeliveryBackoff; _installLocalFarmDetour; _installMerchantAutonomyHold; _installMerchantSafetyGates; _installStaleMerchantTransactionRelease; _localFarmDetour; _merchantRecoveryRequired; _merchantServiceBudgetRetryAt; _terrain; _updateMerchantRecoveryState; beforeTick; characterOf; clamp; constructor; finite; hashDirection; hpRatio; installAlpha32NavigationMerchantRecovery; isMerchant; itemQuantity; status,
v3,src/reliability/alpha33-mark-orbit-merchant-delivery.js,2211,Alpha33MarkOrbitMerchantDelivery; _acceptFarmerState; _acceptGearDeliveryIntent; _acceptGearDeliveryIntentAck; _activeLocalGearGoalForItem; _anchorAllows; _anchoredOrbitAlternative; _collectionCapacityPlan; _collectionCoordinator; _collectionDeferredBankRequest; _collectionHasActiveFarmerGearGoal; _collectionPresenceCandidate; _collectionReserveSlots; _collectionRouteExplicitlyUnavailable; _collectionStartDecision; _driveMerchantRendezvous; _event; _farmerGearEquipCandidate; _farmerGearEquipTick; _farmerStatePayload; _finishCollectionRoute; _freshFarmerRows; _gearGoalTargetState; _goalTargetStillMatches; _huntersMarkOwner; _installAnchoredOrbit; _installFarmerGearEquip; _installFarmerGearReservation; _installGearDeliverySafety; _installHuntersMarkGuard; _installMerchantIncomingAggro; _installMerchantRendezvousAuthority; _installPartyStateTelemetry; _liveEquipment; _localGearGoalMatches; _matchingGearIntentForItem; _maybeSendFarmerState; _merchantCapacitySnapshot; _merchantRendezvousCandidate; _noteGearHold; _prepareCollectionCapacity; _prepareGearDeliveryIntentAck; _pruneGearIntents; _registryCharacter; _releaseStaleGearGoals; _requestFarmerStateRefresh; _resolveFarmerPosition; _resumeSuspendedCollectionRoute; _spiralEscape; _startCollectionRoute; _suspendCollectionRouteForCriticalSupply; _targetHasEffect; _trainingAnchor; _travelToFreshCandidate; characterOf; clamp; cleanName; constructor; distance; effectActiveOn; equipmentView; finite; installAlpha33MarkOrbitMerchantDelivery; levelOf; liveMonster; pickupItemsView; point; rawEntity; rawPlayerByName; status,../party/moving-target-freshness; ./alpha20-33-combat-logistics-regression-hotfix
v3,src/reliability/economy-equipment-autonomy-v2.js,52,EconomyEquipmentAutonomyV2; _bankService; _bankTravel; _c; _capacity; _combat; _deliveryGoals; _event; _load; _marketAttractive; _marketDecisions; _marketItems; _marketService; _marketTravel; _need; _partyService; _patchBaseTick; _progression; _reservations; _restock; _save; _standby; _syncQueue; _townReturn; _townService; _transition; constructor; cycle; freeSlots; installEconomyEquipmentAutonomyV2; inventoryCount; rows; status; tick,./economy-v2-market-history; ./economy-v2-planning
v3,src/reliability/economy-v2-market-history.js,64,PersistentMarketHistory; _compact; _payload; analysis; clone; constructor; finite; itemKey; levelOf; load; observe; observeMany; save; status; storageOf,
v3,src/reliability/economy-v2-planning.js,58,AccountItemPool; GlobalGearOptimizer; _characters; _freshGoals; _select; constructor; goals; plan; qtyOf; snapshot; status,./economy-v2-market-history
v3,src/reliability/integrated-party-control.js,102,IntegratedPartyControl; _event; constructor; installIntegratedPartyControl; status,../autonomy/adaptive-farm-intelligence; ../autonomy/adaptive-pull-learning; ../autonomy/advanced-party-movement; ../autonomy/aoe-farming-certification; ../autonomy/encounter-lifecycle; ../autonomy/party-skill-engine; ../autonomy/tactical-party-combat; ../party/alpha20-19-account-transport-hotfix; ../party/alpha20-19-logistics-stabilization; ./alpha21-liveness-guards; ./alpha21-progression-intelligence
v3,src/reliability/live-farmer-merchant-recovery.js,319,alpha27MerchantOf; characterOf; clone; event; finite; installAddressedCmRouterRecovery; installLiveFarmerMerchantRecovery; installP0StatusCorrection; installPotionVendorContinuation; installSelfHealingNamedReceiverRouter; inventoryOf; itemTotal; potionStockRequirements; rawFunction; sendWithReceiveRouterHealthCheck; transportOf; vendorTravelSucceeded,
v3,src/reliability/merchant-self-gear.js,387,MerchantSelfGear; _candidate; _capacity; _equip; _event; _fallback; _findEquipCandidate; _findMutationIndices; _finish; _load; _reservationMatches; _save; _storage; compatible; constructor; cycle; itemValue; status,../economy/gear-progression; ./alpha27-utils
v3,src/reliability/p0-potion-bundle-delta-fix.js,154,bundleChunks; clone; finite; installP0PotionBundleDeltaFix; itemStacks; recoveryStats,../merchant/merchant-service-planner
v3,src/reliability/p0-potion-hardcap-4500.js,132,annotate; assessAdaptivePlan; blockedPlan; clone; farmerCount; finite; installP0PotionHardCap4500; reportFor,../merchant/merchant-service-planner; ./p0-potion-policy-4500
v3,src/reliability/p0-potion-policy-4500.js,990,aggregateBatchRequirements; batchDeliveriesForReport; buildBatchTargets; bundleChunks; characterOf; clone; completeBatchTarget; deliverOpportunisticPotionNearby; dynamicBundle; farmerCount; finite; freshSafeFarmerReports; installDeliveryPolicy; installP0PotionPolicy4500; installPlannerPolicy; installRestockPolicy; installStatusPolicy; inventoryOf; itemStacks; itemTotal; opportunisticDeliveriesForReport; opportunisticPotionInput; policyMetadata; potionServiceChainState; publishPotionServiceChain; rawFunction; releasePotionServiceChain; reportTarget; serviceKind; startOpportunisticPotionService; startPotionServiceBatch; targetReport,../merchant/merchant-service-planner
v3,src/reliability/p0-regroup-supply-recovery.js,640,P0RegroupSupplyRecovery; _event; beforeTick; bundleChunks; characterOf; clone; constructor; ensurePatches; finite; freshReport; identityQuantity; installBootstrapProgressGuard; installBundleExecutor; installBundleRestock; installCrossMapRecoveryAuthority; installGearTravelAttestation; installP0RegroupSupplyRecovery; installPlannerBundlePolicy; installSinglePotionOwner; inventoryOf; isPotionServicePlan; itemStacks; localFarmer; potionBundle; rawFunction; recoverySupervisorAllowed; reportFor; safeSupervisorStatus; status; validatedMapSplit,../merchant/merchant-service-planner
v3,src/reliability/pre-farming-reliability.js,558,ObservableBankCapacityManager; PreFarmingReliabilityPolicy; _character; _event; _install; _installLocalFarmArbitration; _installMerchantBoundary; _installNullableSupplyTelemetry; _installSafeFarmSnapshotTracking; _installStableContentFingerprinting; _installSupplyPlannerBoundary; _isMerchant; beforeTick; clone; constructor; createObservableBankCapacityManager; finiteObserved; hasObservableBankSnapshot; installPreFarmingReliability; observe; ownObservedNumber; planSpace; sanitizeVolatileContent; serviceEvidenceComplete; status; supplyEvidenceComplete; volatileContentKey,../economy/bank-capacity-manager; ../world/content-drift
v3,src/reliability/team-cohesion-deadlock-hotfix.js,534,TeamCohesionDeadlockHotfix; _canMoveTo; _combatOrSafetyBusy; _event; _installFollowerTerrainRecovery; _installLeaderRecovery; _movementAvailable; _progressState; _resetProgress; _startTerrainRecovery; _stopTerrainRecovery; bestLeaderRecoveryWaypoint; constructor; distance; finite; installTeamCohesionDeadlockHotfix; maxPairDistance; status; terrainRecoveryOwner,../party/alpha20-15-combat-logistics-hotfix; ../party/alpha20-15-logistics-fairness-hotfix; ./alpha27-combat-merchant-convergence; ./integrated-party-control
v3,src/research/research.js,101,ResearchJournal; _cloneExperiment; constructor; hypothesis; listExperiments; proposeExperiment; recordObservation; summary,
v3,src/runtime.js,566,Runtime; _announce; _announceReady; _armEmergencyRetreat; _farmSnapshot; _gameLog; _noteEmergencyDisengage; _noteRiskSkip; _noteSafetySkip; _observeCharacter; _partyProfile; _plannerCandidates; _refreshSkillCapabilities; _restoreWorldOnce; _roughTravelSeconds; addFarmerTargetExclusion; constructor; exportDiagnostics; farmerStatus; removeFarmerTargetExclusion; setFarmerEnabled; setFarmerTargetPolicy; setMode; showStatus; start; status; stop; takeEmergencyRetreat; tick,./autonomy/capability-resolver; ./autonomy/character-combat-profile; ./autonomy/skill-catalog-service; ./autonomy/skill-policy; ./core/event-log; ./core/scheduler; ./farmer/combat-emergency; ./farmer/combat-risk; ./farmer/retreat-farmer; ./farmer/target-safety; ./game/adapter; ./party/capabilities; ./planner/farm-planner; ./release-version; ./research/research; ./telemetry/performance-tracker; ./world/discovery; ./world/persistence; ./world/world-model
v3,src/stability/combat-stability-supervisor.js,223,CombatStabilitySupervisor; _event; _handleAttack; _handleRetreat; _handleSkill; _remember; _restorePreviousSkillStreak; _trackRetreatRequest; constructor; process; status,../game/command-outcomes
v3,src/stability/global-supervisor.js,316,GlobalSupervisor; _activeWork; _applySafeFallback; _canRecover; _event; _noteProgress; _overall; _probe; _progressState; _pruneRecoveries; _subsystemState; clamp; clearSubsystemQuarantine; clone; constructor; finite; observe; quarantineSubsystem; setSafeActionsEnabled; status,
v3,src/stability/stability-runtime.js,192,StabilityRuntime; _announce; _armEmergencyRetreat; _installFarmerStableWaitContract; _installKitingCircuitGuard; _phaseMessage; _restoreWorldOnce; composeStabilityRuntime; constructor; start; status; tick,../core/stable-scheduler; ../core/task; ../game/stability-adapter; ../runtime; ../version; ../world/knowledge-aging; ../world/resilient-persistence; ./combat-stability-supervisor
v3,src/telemetry/performance-tracker.js,281,PerformanceTracker; _contextChanged; _dominantMonster; _entityMap; _increment; _observeTransition; _rates; _start; constructor; flush; levelRequirement; number; observe; potionCount; potionCounts; status; xpDelta,
v3,src/travel/controlled-travel-executor.js,328,ControlledTravelExecutor; _destination; _event; _failSafe; _inCombat; _preflight; _snapshot; _startControlled; _stopSmart; _syncAdapterMode; _timeout; _waitForObservedArrival; abort; clone; configure; constructor; disable; execute; reasonText; status,../core/event-log; ../game/adapter
v3,src/travel/route-cost-estimator.js,77,RouteCostEstimator; choose; clone; constructor; estimateDirect; estimateTown; finite; status,
v3,src/travel/safe-travel.js,313,SafeTravelController; _arrived; _event; _evict; _failure; _id; _pruneFailures; _reject; _trustedMapAttestation; breaker; cancel; clone; constructor; distance; finite; get; list; observe; plan; point; startSynthetic; status; tick,
v3,src/version.js,9,,
v3,src/world/content-drift.js,376,ContentDriftMonitor; _backend; _catalogState; _entries; _event; _observe; _priority; _prune; _scanCategory; clone; constructor; fingerprint; finite; hashString; list; load; markRevalidated; normalize; recordKey; requiresRevalidation; save; scan; serialize; stableStringify; status,
v3,src/world/discovery.js,143,DiscoveryService; _record; _scanCurrentMapMetadata; _scanLive; constructor; extractName; scan; status; uniqueMaps,./world-model
v3,src/world/knowledge-aging.js,101,KnowledgeAgingPolicy; apply; constructor; freshness; installKnowledgeAging; installStaleRiskGuard; status,
v3,src/world/persistence.js,209,WorldPersistence; _backend; _blockQuota; _localStorageProjectedChars; _localStorageWriteKey; _logUnavailable; constructor; isQuotaError; load; maybeSave; status,
v3,src/world/resilient-persistence.js,209,ResilientWorldPersistence; _backoff; _recordLoadFailure; _recordSaveFailure; _resetSaveFailures; constructor; load; maybeSave; status,./persistence
v3,src/world/world-model.js,235,WorldModel; _pruneEntities; _prunePerformance; _touch; confidence; constructor; diagnosticsSnapshot; entity; evidenceFor; existingEvidence; fact; hasEntity; hypothesis; key; knowledgeState; observeEntity; perfKey; performanceFor; recordPerformance; resolveEvidence; restore; serialize; summary,
v4,laufzeit/quelle/adventure-land/adventure-land-kampf-bereitschaft.ts,194,AdventureLandKampfBereitschaftLesezugriff; aufGeteiltenCooldownAufloesen; bereit; constructor; findeFunktion; findeObjekt; kandidaten; liesAktionsBereitschaft; liesBekannteRestzeit; liesNormalenAngriff; liesWert; objektOderNull; pruefeZeitpunkt; unbekannt; zeitstempelMillisekunden,../vertraege/kampf-aktionsbereitschaft.js
v4,laufzeit/quelle/adventure-land/adventure-land-lesezugriff.ts,68,AdventureLandLesezugriff; constructor; fehlerText; liesFeld; liesRohdaten,
v4,laufzeit/quelle/adventure-land/adventure-land-skill-katalog-audit.ts,440,AdventureLandSkillKatalogAuditSteuerung; erstelleSkillKatalogAuditKonfiguration; hatConnectionGap; identitaetVollstaendig; istObjekt; kennung; leereIdentitaet; liesCharakterObjekt; liesDirektenText; liesIdentitaet; liesObjektWert; pruefeZeitpunkt; sortiereAusloeser; starte; status; stoppe; stufe; text; validiereProfil; verbindungsQuelleFehlt; waehleSpielFenster,../vertraege/skill-katalog-audit.js; ./adventure-land-lesezugriff.js; ./adventure-land-skill-katalog.js
v4,laufzeit/quelle/adventure-land/adventure-land-skill-katalog.ts,384,AdventureLandSkillKatalogLesequelle; anforderungen; beobachteteTags; bestaetigeAktuellenFingerprint; blockiere; constructor; fehlerText; fingerprint; friereTief; istObjekt; klassen; liesKatalog; markiereDrift; markiereVeraltet; normalisiereSkill; normalisiereSkills; positiveGanzzahl; pruefeRegel; setzeBereit; setzeDrift; skillsAusG; slots; status; text; texte; waehleFenster; zahl,../telemetrie/sha256.js; ../vertraege/skill-katalog.js; ../wiederholung/kanonisches-json.js; ./adventure-land-lesezugriff.js
v4,laufzeit/quelle/adventure-land/adventure-land-skill-technik.ts,256,AdventureLandSkillTechnikLesezugriff; ausruestungBereit; constructor; findeObjekt; istObjekt; itemName; kandidaten; kombiniereZustand; lies; liesGameItems; liesInventar; liesMana; liesSlots; liesWert; manaBereit; materialBereit,../vertraege/charakter-faehigkeiten.js; ../vertraege/skill-katalog.js; ./adventure-land-kampf-bereitschaft.js
v4,laufzeit/quelle/ausfuehrung/adventure-land-akzeptierter-lebensnachweis-beobachter.ts,107,AdventureLandAkzeptierterLebensnachweisBeobachter; entferne; installiere; istObjekt; saubererText; status,../vertraege/gruppen-lebensnachweis.js; ./adventure-land-gruppen-lebensnachweis-austausch.js
v4,laufzeit/quelle/ausfuehrung/adventure-land-block8-6-candidate-einstieg.ts,75,eigenerWert; installiereAdventureLandBlock86Candidate,../vertraege/capability-freigabe.js; ./adventure-land-capability-freigabe.js; ./adventure-land-gruppen-lebensnachweis-austausch.js; ./adventure-land-produktions-einstieg.js
v4,laufzeit/quelle/ausfuehrung/adventure-land-capability-freigabe.ts,530,AdventureLandCapabilityFreigabe; Arbeitsspeicher; aktualisiere; charakterKontextAusAudit; eigenerWert; getItem; holeSpielFenster; installiereAdventureLandCapabilityFreigabe; installiereRemoteBeobachtung; istObjekt; leererStatus; namenListe; policyKey; sendeBestaetigungsText; setItem; status; stoppe; text,../adventure-land/adventure-land-skill-katalog-audit.js; ../adventure-land/adventure-land-skill-technik.js; ../spiellogik/capability-gruppenwahl.js; ../spiellogik/capability-sync.js; ../spiellogik/charakter-faehigkeiten.js; ../spiellogik/skill-policy.js; ../telemetrie/capability-status.js; ../vertraege/capability-freigabe.js; ../vertraege/capability-sync.js; ../vertraege/gruppen-koordination.js; ../vertraege/gruppen-lebensnachweis.js; ../vertraege/skill-policy.js; ../vertraege/telemetrie.js; ./adventure-land-akzeptierter-lebensnachweis-beobachter.js; ./adventure-land-capability-sync-austausch.js; ./adventure-land-gruppen-lebensnachweis-austausch.js; ./adventure-land-produktions-einstieg.js
v4,laufzeit/quelle/ausfuehrung/adventure-land-capability-sync-austausch.ts,239,AdventureLandCapabilitySyncAustausch; bestaetigteCmEmpfaenger; entferneEmpfang; findeSendeFunktion; holeStatus; installiereEmpfang; istObjekt; liesCharakter; liesUmschlag; lokalerName; saubererName,../spiellogik/capability-sync.js; ../vertraege/capability-sync.js; ./adventure-land-gruppen-lebensnachweis-austausch.js
v4,laufzeit/quelle/ausfuehrung/adventure-land-farm-ausfuehrung.ts,162,AdventureLandFarmAusfuehrung; ersteEndlicheZahl; fehlerText; fuehreAdventureLandAktionAus; holeEntity; istObjekt; pruefeAktuelleAngriffsReichweite; pruefeZeitpunkt; rufeSpielFunktionAuf; rufeWiederherstellungAuf,../kern/aktions-steuerung.js; ../vertraege/aktions-steuerung.js; ../vertraege/farmen.js
v4,laufzeit/quelle/ausfuehrung/adventure-land-gruppen-lebensnachweis-austausch.ts,223,AdventureLandGruppenLebensnachweisAustausch; bestaetigteCmEmpfaenger; entferneEmpfang; findeSendeFunktion; holeStatus; installiereEmpfang; istObjekt; istTeilnehmerMeldung; liesCharakter; liesUmschlag; lokalerName; saubererName,../vertraege/gruppen-koordination.js; ../vertraege/gruppen-lebensnachweis.js
v4,laufzeit/quelle/ausfuehrung/adventure-land-gruppen-ziel-ausfuehrung.ts,321,AdventureLandGruppenZielAusfuehrung; AdventureLandGruppenZielEinmalFreigabe; ersteEndlicheZahl; erteile; fehlerText; findeFunktion; findeObjekt; holeUndPruefeZiel; istObjekt; kontexte; liesWert; objektOderNull; pruefeAktuelleAngriffsReichweite; pruefeAngriffsBereitschaft; pruefeDetails; pruefeSicherheit; pruefeZeitpunkt; sperre; status; verbrauche,../adventure-land/adventure-land-kampf-bereitschaft.js; ../kern/aktions-steuerung.js; ../vertraege/aktions-steuerung.js; ../vertraege/gruppen-aktionsanfrage.js; ../vertraege/kampfsicherheit.js
v4,laufzeit/quelle/ausfuehrung/adventure-land-gruppen-ziel-ausfuehrungs-bruecke.ts,278,AdventureLandGruppenZielAusfuehrungsBruecke; erstelleAdventureLandGruppenZielAusfuehrungsBruecke; fuehreEinmalAus; istObjekt; liesZeitpunkt; pruefeAuftrag; pruefePositiveZahl; pruefeZeitpunkt; status; textFeld; zeitFeld,../kern/aktions-steuerung.js; ../vertraege/aktions-steuerung.js; ../vertraege/gruppen-aktionsanfrage.js; ../vertraege/kampfsicherheit.js; ./adventure-land-gruppen-ziel-ausfuehrung.js
v4,laufzeit/quelle/ausfuehrung/adventure-land-gruppen-ziel-live-bindung.ts,262,AdventureLandGruppenZielLiveBindung; brechePassendeLaufendeGruppenanfrageAb; entferneEigeneFassade; installiereAdventureLandGruppenZielLiveBindung; istObjekt; leseEigeneEigenschaft; pruefeZeitpunkt; sperre; status,../kern/aktions-steuerung.js; ../vertraege/gruppen-aktionsanfrage.js; ../vertraege/kampfsicherheit.js; ./adventure-land-gruppen-ziel-ausfuehrungs-bruecke.js
v4,laufzeit/quelle/ausfuehrung/adventure-land-gruppen-ziel-live-smoke.ts,606,AdventureLandGruppenZielLiveSmoke; eigenerWert; entferneFreigabe; ergebnis; erzeugeAuditSpielFenster; fehlerText; freigeben; holeParent; installiereAdventureLandGruppenZielLiveSmoke; istObjekt; leseCharakter; leseNichtleerenText; leseSpielWert; leseZiel; liesZeitpunkt; pruefeGesamtenZustand; pruefeIdentitaetUndZiel; pruefePositiveZahl; pruefeText; pruefeZeitpunkt; ressourcenFuer; sperren; starte; status; vorschau,../adventure-land/adventure-land-kampf-bereitschaft.js; ../kern/aktions-steuerung.js; ../vertraege/gruppen-aktionsanfrage.js; ../vertraege/kampfsicherheit.js; ./adventure-land-gruppen-ziel-ausfuehrungs-bruecke.js; ./adventure-land-gruppen-ziel-live-bindung.js
v4,laufzeit/quelle/ausfuehrung/adventure-land-kampfsicherheits-ausfuehrung.ts,94,AdventureLandKampfSicherheitsAusfuehrung; fehlerText; istObjekt; pruefeZeitpunkt,../kern/aktions-steuerung.js; ../vertraege/aktions-steuerung.js; ../vertraege/kampfsicherheit.js
v4,laufzeit/quelle/ausfuehrung/adventure-land-produktions-bootstrap.ts,478,AdventureLandProduktionsBootstrap; berechneSicherheit; bereiteGruppenZielVor; eigenerWert; entferneLebensnachweisEmpfang; erzeugeLokalenLebensnachweis; holeLaufzeitSteuerung; holeZentraleAktionsSteuerung; installiereLebensnachweisEmpfang; liesAktuelleSicherheitsEntscheidung; liesEindeutigeTeilnehmerMeldungen; liesZeitpunkt; pruefeAktiv; pruefeGruppenZustand; pruefeNichtLeer; pruefeZeitpunkt; sendeLokalenLebensnachweis; status; stoppe; uebernehmeEmpfang,../adventure-land/adventure-land-lesezugriff.js; ../kern/aktions-steuerung.js; ../kern/laufzeit-steuerung.js; ../kern/spielzustand-erstellung.js; ../spiellogik/gruppen-aktionsanfragen.js; ../spiellogik/gruppen-aktionsplanung.js; ../spiellogik/gruppen-aktionssteuerung.js; ../spiellogik/gruppen-koordination.js; ../spiellogik/gruppen-lebensnachweis.js; ../spiellogik/kampfsicherheit.js; ../vertraege/gruppen-aktionsanfrage.js; ../vertraege/gruppen-koordination.js; ../vertraege/gruppen-lebensnachweis.js; ../vertraege/kampfsicherheit.js; ../vertraege/laufzeit-steuerung.js; ./adventure-land-gruppen-lebensnachweis-austausch.js; ./adventure-land-gruppen-ziel-live-smoke.js
v4,laufzeit/quelle/ausfuehrung/adventure-land-produktions-einstieg.ts,353,aktivierePerformanceTrick; eigenerWert; holeSpielFenster; installiereAdventureLandProduktionsLaufzeit; istObjekt; normalisiereFaehigkeiten; normalisiereKonfiguration; pruefeBasisBedienMutation; runtimeStatus; sendeAutomatischenLebensnachweis; starteLebensnachweisTimer; stoppeLebensnachweisTimer; timerFunktion,../kern/sichere-basis-bedienung.js; ../vertraege/gruppen-koordination.js; ../vertraege/laufzeit-steuerung.js; ./adventure-land-gruppen-ziel-live-smoke.js; ./adventure-land-produktions-bootstrap.js
v4,laufzeit/quelle/index.ts,190,,./adventure-land/adventure-land-kampf-bereitschaft.js; ./adventure-land/adventure-land-lesezugriff.js; ./adventure-land/adventure-land-skill-technik.js; ./ausfuehrung/adventure-land-akzeptierter-lebensnachweis-beobachter.js; ./ausfuehrung/adventure-land-block8-6-candidate-einstieg.js; ./ausfuehrung/adventure-land-capability-freigabe.js; ./ausfuehrung/adventure-land-capability-sync-austausch.js; ./ausfuehrung/adventure-land-farm-ausfuehrung.js; ./ausfuehrung/adventure-land-gruppen-lebensnachweis-austausch.js; ./ausfuehrung/adventure-land-gruppen-ziel-ausfuehrung.js; ./ausfuehrung/adventure-land-gruppen-ziel-ausfuehrungs-bruecke.js; ./ausfuehrung/adventure-land-gruppen-ziel-live-bindung.js; ./ausfuehrung/adventure-land-gruppen-ziel-live-smoke.js; ./ausfuehrung/adventure-land-kampfsicherheits-ausfuehrung.js; ./ausfuehrung/adventure-land-produktions-bootstrap.js; ./ausfuehrung/adventure-land-produktions-einstieg.js; ./kern/aktions-auswahl.js; ./kern/aktions-steuerung.js; ./kern/auftrags-pruefung.js; ./kern/auftrags-vorschlaege.js; ./kern/bedien-sicherung.js; ./kern/ereignis-zentrale.js; ./kern/kontingent-waechter.js; ./kern/laufzeit-steuerung.js; ./kern/ressourcen-vergabe.js; ./kern/schatten-ausfuehrung.js; ./kern/sichere-basis-bedienung.js; ./kern/spielzustand-aufzeichnung.js; ./kern/spielzustand-erstellung.js; ./kern/v3-kontingent-paritaet.js; ./lernen/speicher-lern-zyklus.js; ./spiellogik/capability-gruppenwahl.js; ./spiellogik/capability-sync.js; ./spiellogik/charakter-faehigkeiten.js; ./spiellogik/grundlegendes-farmen.js; ./spiellogik/gruppen-aktionsplanung.js; ./spiellogik/gruppen-koordination.js; ./spiellogik/gruppen-lebensnachweis.js; ./spiellogik/kampfsicherheit.js; ./spiellogik/sicheres-farmen.js; ./spiellogik/skill-policy-semantik.js; ./spiellogik/skill-policy.js; ./telemetrie/begrenzter-ringpuffer.js; ./telemetrie/capability-status.js; ./telemetrie/dienst-verbrauchs-telemetrie.js; ./telemetrie/entscheidungs-aktions-korrelation.js; ./telemetrie/entscheidungs-aktions-spur.js; ./telemetrie/farm-leistungs-erfassung.js; ./telemetrie/flugschreiber.js; ./telemetrie/fortlaufender-ereignis-schreiber.js; ./telemetrie/gruppen-entscheidungs-datensatz.js; ./telemetrie/recovery-checkpoint.js; ./telemetrie/runtime-gesundheit.js; ./telemetrie/sha256.js; ./telemetrie/status-schnittstelle.js; ./telemetrie/telemetrie-speicher.js; ./telemetrie/telemetrie-zentrale.js; ./telemetrie/vorfall-erkennung.js; ./telemetrie/vorfall-paket-sammler.js; ./vertraege/aktions-anfrage.js; ./vertraege/aktions-ergebnis.js; ./vertraege/aktions-steuerung.js; ./vertraege/bedien-anfrage.js; ./vertraege/bot-ereignis.js; ./vertraege/bot-meldung.js; ./vertraege/capability-freigabe.js; ./vertraege/capability-gruppenwahl.js; ./vertraege/capability-status.js; ./vertraege/capability-sync.js; ./vertraege/capability-wiederholung.js; ./vertraege/charakter-faehigkeiten.js; ./vertraege/dienst-kontingent.js; ./vertraege/entscheidungs-datensatz.js; ./vertraege/farmen.js; ./vertraege/gruppen-aktionsplanung.js; ./vertraege/gruppen-koordination.js; ./vertraege/gruppen-lebensnachweis.js; ./vertraege/kampf-aktionsbereitschaft.js; ./vertraege/kampfsicherheit.js; ./vertraege/laufzeit-steuerung.js; ./vertraege/nutzer-auftrag.js; ./vertraege/recovery-checkpoint.js; ./vertraege/ressourcen-sperre.js; ./vertraege/runtime-gesundheit.js; ./vertraege/sicheres-farmen.js; ./vertraege/skill-policy.js; ./vertraege/speicher-lern-zyklus.js; ./vertraege/spielzustand.js; ./vertraege/status-schnittstelle.js; ./vertraege/tages-bericht.js; ./vertraege/telemetrie.js; ./vertraege/wiederholung.js; ./wiederholung/capability-wiederholung.js; ./wiederholung/goldener-wiederholungssatz.js; ./wiederholung/kampfsicherheit-wiederholung.js; ./wiederholung/kanonisches-json.js; ./wiederholung/segment-lader.js; ./wiederholung/wiederholungs-lader.js; ./wiederholung/wiederholungs-maschine.js; ./wiederholung/wiederholungs-vergleich.js
v4,laufzeit/quelle/kern/aktions-auswahl.ts,32,AktionsAuswahl; holeAktionsWichtigkeitsRang; sortiereNachWichtigkeit; waehleNaechsteAktion,../vertraege/aktions-anfrage.js
v4,laufzeit/quelle/kern/aktions-steuerung.ts,327,AktionsSteuerung; brecheAktionAb; constructor; friereListe; holeAktionsZustand; istMitLaufzeitSteuerungVerbunden; kopiereAnfrage; laufzeitStatus; listeAktionsZustaende; listeRessourcenSperren; listeSchattenProtokoll; markiereAbgelaufeneAnfragen; mussZustandHolen; pruefeAnfrage; pruefeZeitpunkt; reicheAnfrageEin; schliesseAktionAb; verarbeiteNaechsteAktion; versucheRessourcenFuerAnfrageZuSperren,../vertraege/aktions-anfrage.js; ../vertraege/aktions-steuerung.js; ../vertraege/ressourcen-sperre.js; ./aktions-auswahl.js; ./laufzeit-steuerung.js; ./ressourcen-vergabe.js; ./schatten-ausfuehrung.js
v4,laufzeit/quelle/kern/auftrags-pruefung.ts,33,AuftragsPruefung; pruefe,../vertraege/nutzer-auftrag.js
v4,laufzeit/quelle/kern/auftrags-vorschlaege.ts,33,AuftragsVorschlaege; normalisiere; suche,../vertraege/nutzer-auftrag.js
v4,laufzeit/quelle/kern/bedien-sicherung.ts,76,BedienSicherung; pruefe,../vertraege/bedien-anfrage.js
v4,laufzeit/quelle/kern/ereignis-zentrale.ts,63,EreignisZentrale; entferneEmpfaenger; fuegeEmpfaengerHinzu; holeLetzteLaufendeNummer; sendeEreignis,../vertraege/bot-ereignis.js
v4,laufzeit/quelle/kern/kontingent-waechter.ts,143,KontingentWaechter; bestimmeSchutzstufe; blockiert; hoehereSchutzstufe; holeVerbrauch; pruefeUndReserviere; setzeDienstProfil; verbrauchsSchluessel,../vertraege/dienst-kontingent.js
v4,laufzeit/quelle/kern/laufzeit-steuerung.ts,93,LaufzeitSteuerung; pausiere; pruefeGrund; pruefeNichtVorLetzterAenderung; pruefeZeitpunkt; setzeFort; status,../vertraege/aktions-anfrage.js; ../vertraege/laufzeit-steuerung.js
v4,laufzeit/quelle/kern/ressourcen-vergabe.ts,95,RessourcenVergabe; gibRessourcenFuerBesitzerFrei; holeRessourcenSperre; holeWichtigkeitsRang; istAnfrageHoeherPriorisiert; listeRessourcenSperren; versucheRessourcenZuSperren,../vertraege/ressourcen-sperre.js
v4,laufzeit/quelle/kern/schatten-ausfuehrung.ts,78,SchattenAusfuehrung; brecheAb; listeEintraege; schliesseAb; starte; unterbreche,../vertraege/aktions-anfrage.js; ../vertraege/aktions-steuerung.js
v4,laufzeit/quelle/kern/sichere-basis-bedienung.ts,272,SichereBasisBedienung; basisAktionAusBedienAnfrage; constructor; erstelleAnfrage; erstelleBasisBedienAnfrage; fuehreAus; pruefeText; pruefeZeitpunkt; status,../vertraege/bedien-anfrage.js; ../vertraege/laufzeit-steuerung.js; ./aktions-steuerung.js; ./bedien-sicherung.js; ./laufzeit-steuerung.js
v4,laufzeit/quelle/kern/spielzustand-aufzeichnung.ts,84,erstelleSpielzustandAufzeichnung; istObjekt; ladeSpielzustand; ladeSpielzustandAufzeichnung; pruefeReihenfolge; pruefeSpielzustand; serialisiereSpielzustand; serialisiereSpielzustandAufzeichnung,../vertraege/spielzustand.js; ./spielzustand-erstellung.js
v4,laufzeit/quelle/kern/spielzustand-erstellung.ts,425,anteil; ausRohwert; bekannt; beobachteAusruestung; beobachteCharakter; beobachteFeld; beobachteGegenstand; beobachteGruppe; beobachteInventar; beobachteKarte; beobachteObjekte; beobachteSpielzustand; erstelleSpielzustand; fehlend; friereTief; gruppenMitglied; istObjekt; leiteWissenAb; objektFelder; pruefeErstellungsDaten; unbekannt; unbekanntesObjekt; zaehleKartenFeld,../adventure-land/adventure-land-lesezugriff.js; ../vertraege/spielzustand.js
v4,laufzeit/quelle/kern/v3-kontingent-paritaet.ts,122,erstelleCloudflareV3ParitaetsProfil; erstelleSupabaseV3ParitaetsProfil; fuenfProzentSicher; grenze; pruefeOptionen,../vertraege/dienst-kontingent.js
v4,laufzeit/quelle/lernen/speicher-lern-zyklus.ts,251,SpeicherLernZyklus; constructor; entscheide; istNachweisVollstaendig; pruefeEingabe; pruefeSchwellen,../vertraege/speicher-lern-zyklus.js
v4,laufzeit/quelle/spiellogik/capability-gruppenwahl.ts,448,autoritaetNachKennung; baueTeilnehmerKontexte; lebensAnteil; leereAufgabe; leereAufgaben; maximaleZielKapazitaet; relevanteSkills; remoteSnapshotNachKennung; sicherheitsRang; verdichteLebensnachweise; vergleicheFreshnessUndIdentitaet; vergleicheSafety; waehleAufgabe; waehleCapabilityBasierteGruppenrollen; waehleLeader; zuordnungAusAufgaben,../vertraege/capability-gruppenwahl.js; ../vertraege/capability-sync.js; ../vertraege/gruppen-koordination.js; ../vertraege/skill-katalog.js; ./charakter-faehigkeiten.js
v4,laufzeit/quelle/spiellogik/capability-sync.ts,353,baueSkillSnapshot; blockierterBau; blockiertesVertrauen; cloneGruppenProfil; endlicheNichtnegativeZahl; erstelleCapabilitySyncSnapshot; gruppenProfilGueltig; istCapabilityTag; istObjekt; liesCapabilitySyncSnapshot; liesSkillSnapshot; nichtnegativeSichereGanzzahl; normalisiereParameter; positiveSichereGanzzahl; pruefeRemoteCapabilityVertrauen; saubererText; sortiereTags,../vertraege/capability-sync.js; ../vertraege/charakter-faehigkeiten.js; ../vertraege/gruppen-koordination.js; ../vertraege/skill-katalog.js
v4,laufzeit/quelle/spiellogik/charakter-faehigkeiten.ts,322,CharakterFaehigkeitenResolver; capabilityAuswertungen; capabilityTags; grundFuerSkill; gruppenProfil; katalogVertrauenswuerdig; klassenPassend; levelPassend; maxZielKapazitaet; nichtStrukturell; normalisiereCharakter; policyParameter; pruefeZeitpunkt,../adventure-land/adventure-land-skill-technik.js; ../telemetrie/sha256.js; ../vertraege/charakter-faehigkeiten.js; ../vertraege/gruppen-koordination.js; ../vertraege/skill-katalog.js; ../vertraege/skill-policy.js; ../wiederholung/kanonisches-json.js; ./skill-policy.js
v4,laufzeit/quelle/spiellogik/grundlegendes-farmen.ts,397,aktualisiereFortschritt; anfrage; baueEntscheidung; bekannterWert; erstelleFarmAblaufZustand; erstelleFarmKonfiguration; erstelleFarmWiederholungsEntscheider; fortschrittsKennung; holeVorherigenFarmZustand; inventarFreiePlaetze; istLebendesErlaubtesMonster; meldung; planeGrundlegendenFarmSchritt; positionVonCharakter; positionVonMonster; pruefeAnteil; pruefeNichtnegativeZahl; pruefeZeitpunkt; waehleZiel; wertKennung,../vertraege/aktions-anfrage.js; ../vertraege/bot-meldung.js; ../vertraege/farmen.js; ../vertraege/spielzustand.js; ../vertraege/wiederholung.js
v4,laufzeit/quelle/spiellogik/gruppen-aktionsanfragen.ts,181,baueAktionsAnfrage; erstelleGruppenAktionsAnfrageKonfiguration; friereStrings; uebersetzeEigeneGruppenPlanSchritte,../vertraege/aktions-anfrage.js; ../vertraege/gruppen-aktionsanfrage.js; ../vertraege/gruppen-aktionsplanung.js
v4,laufzeit/quelle/spiellogik/gruppen-aktionsplanung.ts,217,blockierterPlan; eigeneGruppenPlanSchritte; erstelleGruppenAktionsPlanKonfiguration; planeGruppenAktionen; schrittKennung; verdichteNeuesteMeldungen; waehleNiedrigstenLebensAnteil,../vertraege/gruppen-aktionsplanung.js; ../vertraege/gruppen-koordination.js
v4,laufzeit/quelle/spiellogik/gruppen-aktionssteuerung.ts,142,brecheVeralteteGruppenArbeitAb; erstelleGruppenAktionsSteuerungKonfiguration; friereStrings; uebergibGruppenAktionsAnfragenAnSteuerung,../kern/aktions-steuerung.js; ../vertraege/gruppen-aktionsanfrage.js; ../vertraege/gruppen-aktionssteuerung.js
v4,laufzeit/quelle/spiellogik/gruppen-koordination.ts,199,bewerteTeilnehmer; erstelleGruppenKoordinationsKonfiguration; gemeinsameGefahrenStufe; gemeinsamesZiel; koordiniereGruppe; sortiereMeldungen; verdichteNeuesteMeldungen; verteileAufgaben; waehleFaehigkeitsTraeger,../vertraege/gruppen-koordination.js; ../vertraege/kampfsicherheit.js
v4,laufzeit/quelle/spiellogik/gruppen-lebensnachweis.ts,169,baueMeldung; bekannterWert; blockiert; erstelleGruppenTeilnehmerMeldungAusKampfsicherheit; erstelleGruppenTeilnehmerMeldungAusSpielzustand; fehltText; normalisiereAnteil; pruefeFaehigkeiten; pruefeGefahrenStufe,../vertraege/gruppen-koordination.js; ../vertraege/gruppen-lebensnachweis.js; ../vertraege/kampfsicherheit.js; ../vertraege/spielzustand.js
v4,laufzeit/quelle/spiellogik/kampfsicherheit.ts,370,aktualisiereBewegungsFortschritt; angreiferFuerCharakter; bekannterWert; bewerteGefahr; charakterPosition; entfernung; entscheidung; erstelleKampfSicherheitsAblaufZustand; erstelleKampfSicherheitsKonfiguration; istLebend; markiereSicherheitsBewegungGestartet; meldung; objektPosition; planeKampfSicherheitsSchritt; positionKennung; pruefeAngriffsReichweite; pruefeAnteil; pruefePositiveZahl; pruefeZeitpunkt; rueckzugsZiel; sicherheitsAnfrage,../vertraege/aktions-anfrage.js; ../vertraege/bot-meldung.js; ../vertraege/kampfsicherheit.js; ../vertraege/spielzustand.js
v4,laufzeit/quelle/spiellogik/sicheres-farmen.ts,206,baueSchritt; erstelleSichereFarmKonfiguration; erstelleSicherenFarmAblaufZustand; planeSicherenFarmSchritt; pruefeAngriffsBereitschaft; pruefeZeitpunkt,../vertraege/farmen.js; ../vertraege/kampf-aktionsbereitschaft.js; ../vertraege/kampfsicherheit.js; ../vertraege/sicheres-farmen.js; ../vertraege/spielzustand.js; ./grundlegendes-farmen.js; ./kampfsicherheit.js
v4,laufzeit/quelle/spiellogik/skill-policy-semantik.ts,136,ganzzahl; holeSkillPolicySemantik; holeWirksameSkillPolicyControls; prozent,../vertraege/skill-katalog.js; ../vertraege/skill-policy.js
v4,laufzeit/quelle/spiellogik/skill-policy.ts,617,SkillPolicySpeicher; controlWertGueltig; defaultParameter; fehlerText; findeSkill; friereEinstellung; friereProfil; holeProfil; istKatalogKonfigurierbar; istObjekt; lade; normalisiereCharakter; normalisiereText; parseEinstellung; parseProfil; pruefeZeitpunkt; skillPasstZuCharakter; status,../vertraege/skill-katalog.js; ../vertraege/skill-policy.js; ../vertraege/telemetrie.js; ../wiederholung/kanonisches-json.js; ./skill-policy-semantik.js
v4,laufzeit/quelle/telemetrie/begrenzter-ringpuffer.ts,106,BegrenzterRingpuffer; anzahl; bereinige; bereinigeNachAlter; constructor; entferneAeltesten; fuegeHinzu; groesseBytes; leere; liste; pruefeGrenze; pruefeZeitpunkt,../vertraege/telemetrie.js
v4,laufzeit/quelle/telemetrie/capability-status.ts,357,baueDiagnose; baueGruppenwahlSicht; baueKatalogSicht; baueRemoteSichten; baueSkillSichten; catalogAgreement; diagnoseSortierung; empfangSchluessel; erstelleCapabilityStatusSicht; neuesterEmpfangJeCharakter; policyNachSkill; pruefeZeitpunkt,../vertraege/capability-status.js; ../vertraege/capability-sync.js; ../vertraege/skill-policy.js
v4,laufzeit/quelle/telemetrie/dienst-verbrauchs-telemetrie.ts,44,erstelleDienstVerbrauchsEintrag; schreibeDienstVerbrauchsEreignis,../vertraege/dienst-kontingent.js; ../vertraege/telemetrie.js
v4,laufzeit/quelle/telemetrie/entscheidungs-aktions-korrelation.ts,176,erfolgAusPhase; gleicheStrings; mitTatsaechlichemErgebnis; pruefeGruppenAnfrage; pruefeZeitpunkt; statusAusRueckmeldungen; verknuepfeGruppenEntscheidungMitAktionsAnfragen; werteGruppenEntscheidungMitAktionsErgebnissenAus; werteGruppenEntscheidungMitAktionsZustaendenAus,../vertraege/aktions-anfrage.js; ../vertraege/aktions-ergebnis.js; ../vertraege/aktions-steuerung.js; ../vertraege/gruppen-aktionsanfrage.js; ./gruppen-entscheidungs-datensatz.js
v4,laufzeit/quelle/telemetrie/entscheidungs-aktions-spur.ts,63,EntscheidungsAktionsSpur; constructor; pruefeText; pruefeZeitpunkt,../vertraege/telemetrie.js
v4,laufzeit/quelle/telemetrie/farm-leistungs-erfassung.ts,78,bekannterWert; berechneErfahrungsGewinn; charakter; erstelleFarmLeistungsEintraege; speichereFarmLeistungsEintraege,../vertraege/farmen.js; ../vertraege/spielzustand.js; ./telemetrie-speicher.js
v4,laufzeit/quelle/telemetrie/flugschreiber.ts,164,Flugschreiber; constructor; holeEreignisse; listeRingpuffer; offenesSegmentAnzahl; positiveGanzzahl; pruefeEreignis; pruefeZeitpunkt; ringpufferGroesseBytes; schliesseOffenesSegment; zeichneAuf,../vertraege/bot-ereignis.js; ../vertraege/telemetrie.js; ./begrenzter-ringpuffer.js; ./sha256.js
v4,laufzeit/quelle/telemetrie/fortlaufender-ereignis-schreiber.ts,53,FortlaufenderEreignisSchreiber; holeLetzteSequenz; pruefeDaten,../kern/ereignis-zentrale.js; ../vertraege/bot-ereignis.js; ../vertraege/telemetrie.js
v4,laufzeit/quelle/telemetrie/freigabestufen.ts,217,pruefeNachweis; pruefeNichtLeer; pruefeZeitpunkt; stufenEintrag; stufenKriterium; werteFreigabestufenAus,../vertraege/freigabestufen.js
v4,laufzeit/quelle/telemetrie/gruppen-entscheidungs-datensatz.ts,218,baueErkannteEreignisse; baueErwartung; baueMoeglichkeiten; baueSituation; erstelleGruppenEntscheidungsDatensatz; pruefeText; verdichteNeuesteMeldungen,../vertraege/entscheidungs-datensatz.js; ../vertraege/gruppen-koordination.js; ../vertraege/kampfsicherheit.js; ../wiederholung/kanonisches-json.js; ./sha256.js
v4,laufzeit/quelle/telemetrie/recovery-checkpoint.ts,336,RecoveryCheckpointSpeicher; dekodiereSlot; istObjekt; lade; leseZeiger; normalisiereInhalt; parseCheckpointNutzlast; pruefeCheckpointInhalt; pruefeText; pruefeZeitpunkt; slotSchluessel; zeigerSchluessel,../vertraege/recovery-checkpoint.js; ../vertraege/runtime-gesundheit.js; ../vertraege/telemetrie.js; ../wiederholung/kanonisches-json.js; ./sha256.js
v4,laufzeit/quelle/telemetrie/runtime-gesundheit.ts,245,alter; bewerteRuntimeGesundheit; ergebnis; erstelleRuntimeGesundheitsKonfiguration; maxAlter; pruefeNichtnegativeGanzzahl,../vertraege/runtime-gesundheit.js
v4,laufzeit/quelle/telemetrie/sha256.ts,92,berechneSha256; hex; rotr,
v4,laufzeit/quelle/telemetrie/status-schnittstelle.ts,263,NurLeseStatusSchnittstelle; baueAktionsSichten; baueCharakterSicht; baueCheckpointSicht; baueEntscheidungsSicht; baueGruppenSicht; baueMeldungsSicht; baueRuntimeSicht; erstelleGemeinsameStatusSicht; kopiereStatusWert; lese; nichtVerfuegbarerStatusWert; pruefeZeitpunkt,../vertraege/spielzustand.js; ../vertraege/status-schnittstelle.js
v4,laufzeit/quelle/telemetrie/telemetrie-speicher.ts,428,SchluesselWertTelemetrieAblage; TelemetrieSpeicher; baueKennungenNeu; berechneVereinigteLaufzeit; bereinige; dienstZeitpunkt; entferneAeltestenNormalenEintrag; entferneVorfallPaketNachArchivierung; entferneWiederholungsSegmentNachArchivierung; erfasseDienstVerbrauch; erfasseLaufzeitAbschnitt; erfasseLeistungsZaehler; erfasseVorfallPaket; erfasseWiederholungsSegment; fasseLeistungZusammen; gesamtEintraege; holeDauerzustand; istDauerzustand; kopiereZustand; lade; laufzeitZeitpunkt; lese; listeDienstVerbrauch; listeVorfallPakete; listeWiederholungsSegmente; persistiere; pruefeKennung; pruefeNichtnegativeZahl; pruefeOptionen; pruefeZeitpunkt; schreibe; segmentZeitpunkt; serialisiere; serialisierteGroesse; ueberschreitetKapazitaet; zaehlerZeitpunkt,../vertraege/telemetrie.js
v4,laufzeit/quelle/telemetrie/telemetrie-zentrale.ts,115,TelemetrieZentrale; aktualisiere; beendeAblauf; beobachteAblauf; erfasseDienstVerbrauch; erfasseLaufzeit; erfasseLeistung; holeUndLeereErgebnis; merkePakete; merkeSegment; schliesseWiederholungsSegment; verbinde,../kern/ereignis-zentrale.js; ../vertraege/telemetrie.js; ./flugschreiber.js; ./telemetrie-speicher.js; ./vorfall-erkennung.js; ./vorfall-paket-sammler.js
v4,laufzeit/quelle/telemetrie/vorfall-erkennung.ts,205,VorfallErkennung; aktualisiereAktiveVorfaelle; beendeAblauf; constructor; enthaeltSchleife; erstelleVorfall; istUnerwarteterZustandswechsel; pruefe; pruefePositiveGanzzahl; pruefeProbe; titelFuerArt,../vertraege/bot-meldung.js; ../vertraege/telemetrie.js
v4,laufzeit/quelle/telemetrie/vorfall-paket-sammler.ts,136,VorfallPaketSammler; anzahlOffenePakete; constructor; ereignisBytes; fuegeBegrenztHinzu; oeffne; pruefeOption; schliesseAlle; schliesseFaellige; schliessePaket; verarbeiteEreignis,../vertraege/bot-ereignis.js; ../vertraege/telemetrie.js; ./flugschreiber.js
v4,laufzeit/quelle/vertraege/aktions-anfrage.ts,17,,./ressourcen-sperre.js
v4,laufzeit/quelle/vertraege/aktions-ergebnis.ts,9,,
v4,laufzeit/quelle/vertraege/aktions-steuerung.ts,52,,./aktions-anfrage.js; ./ressourcen-sperre.js
v4,laufzeit/quelle/vertraege/bedien-anfrage.ts,30,,
v4,laufzeit/quelle/vertraege/bot-ereignis.ts,9,,
v4,laufzeit/quelle/vertraege/bot-meldung.ts,44,erstelleBotMeldung; formatiereBotMeldung,
v4,laufzeit/quelle/vertraege/capability-freigabe.ts,81,,./capability-gruppenwahl.js; ./capability-status.js; ./capability-sync.js; ./charakter-faehigkeiten.js; ./skill-katalog-audit.js
v4,laufzeit/quelle/vertraege/capability-gruppenwahl.ts,80,,./capability-sync.js; ./gruppen-koordination.js
v4,laufzeit/quelle/vertraege/capability-status.ts,127,,./capability-gruppenwahl.js; ./capability-sync.js; ./charakter-faehigkeiten.js; ./gruppen-koordination.js; ./skill-katalog-audit.js; ./skill-katalog.js; ./skill-policy.js
v4,laufzeit/quelle/vertraege/capability-sync.ts,93,,./gruppen-koordination.js; ./gruppen-lebensnachweis.js; ./skill-katalog.js
v4,laufzeit/quelle/vertraege/capability-wiederholung.ts,106,,./capability-gruppenwahl.js; ./capability-status.js; ./capability-sync.js; ./charakter-faehigkeiten.js; ./gruppen-koordination.js; ./kampfsicherheit.js; ./skill-katalog-audit.js
v4,laufzeit/quelle/vertraege/charakter-faehigkeiten.ts,74,,./gruppen-koordination.js; ./kampf-aktionsbereitschaft.js; ./skill-katalog.js
v4,laufzeit/quelle/vertraege/dienst-kontingent.ts,66,,
v4,laufzeit/quelle/vertraege/entscheidungs-datensatz.ts,28,,
v4,laufzeit/quelle/vertraege/farmen.ts,94,,./aktions-anfrage.js; ./bot-meldung.js; ./telemetrie.js
v4,laufzeit/quelle/vertraege/freigabestufen.ts,68,,
v4,laufzeit/quelle/vertraege/gruppen-aktionsanfrage.ts,64,,./aktions-anfrage.js; ./gruppen-aktionsplanung.js; ./gruppen-koordination.js
v4,laufzeit/quelle/vertraege/gruppen-aktionsplanung.ts,48,,./aktions-anfrage.js; ./gruppen-koordination.js; ./kampfsicherheit.js; ./ressourcen-sperre.js
v4,laufzeit/quelle/vertraege/gruppen-aktionssteuerung.ts,31,,./aktions-steuerung.js; ./gruppen-aktionsanfrage.js
v4,laufzeit/quelle/vertraege/gruppen-koordination.ts,63,,./kampfsicherheit.js
v4,laufzeit/quelle/vertraege/gruppen-lebensnachweis.ts,45,,./gruppen-koordination.js; ./kampfsicherheit.js
v4,laufzeit/quelle/vertraege/kampf-aktionsbereitschaft.ts,12,,
v4,laufzeit/quelle/vertraege/kampfsicherheit.ts,61,,./aktions-anfrage.js; ./bot-meldung.js
v4,laufzeit/quelle/vertraege/laufzeit-steuerung.ts,73,istPauseGeschuetzteWichtigkeit,./aktions-anfrage.js; ./bedien-anfrage.js
v4,laufzeit/quelle/vertraege/nutzer-auftrag.ts,65,,
v4,laufzeit/quelle/vertraege/recovery-checkpoint.ts,65,,./runtime-gesundheit.js
v4,laufzeit/quelle/vertraege/ressourcen-sperre.ts,29,,
v4,laufzeit/quelle/vertraege/runtime-gesundheit.ts,59,,./kampfsicherheit.js
v4,laufzeit/quelle/vertraege/sicheres-farmen.ts,35,,./aktions-anfrage.js; ./farmen.js; ./kampf-aktionsbereitschaft.js; ./kampfsicherheit.js
v4,laufzeit/quelle/vertraege/skill-katalog-audit.ts,64,,./skill-katalog.js
v4,laufzeit/quelle/vertraege/skill-katalog.ts,115,,
v4,laufzeit/quelle/vertraege/skill-policy.ts,135,,./skill-katalog.js
v4,laufzeit/quelle/vertraege/speicher-lern-zyklus.ts,45,,
v4,laufzeit/quelle/vertraege/spielzustand.ts,176,,
v4,laufzeit/quelle/vertraege/status-schnittstelle.ts,164,,./aktions-anfrage.js; ./aktions-steuerung.js; ./bot-meldung.js; ./entscheidungs-datensatz.js; ./gruppen-koordination.js; ./kampfsicherheit.js; ./recovery-checkpoint.js; ./runtime-gesundheit.js; ./spielzustand.js
v4,laufzeit/quelle/vertraege/tages-bericht.ts,71,,
v4,laufzeit/quelle/vertraege/telemetrie.ts,195,,./bot-ereignis.js; ./bot-meldung.js; ./dienst-kontingent.js
v4,laufzeit/quelle/vertraege/wiederholung.ts,183,,./bot-ereignis.js; ./dienst-kontingent.js; ./spielzustand.js; ./telemetrie.js
v4,laufzeit/quelle/wiederholung/capability-wiederholung.ts,507,Arbeitsspeicher; CapabilityWiederholungsMaschine; aktualisiereFenster; anteil; baueLaufzeit; baueLebensnachweis; blockiertesRemoteVertrauen; charakterKontext; cloneJson; getItem; pruefeDatensatz; pruefeNichtnegativeZahl; pruefePositiveGanzzahl; pruefePositiveZahl; pruefeText; setItem; sortiereSchritte; wendePolicyAenderungAn,../adventure-land/adventure-land-skill-katalog-audit.js; ../adventure-land/adventure-land-skill-technik.js; ../spiellogik/capability-gruppenwahl.js; ../spiellogik/capability-sync.js; ../spiellogik/charakter-faehigkeiten.js; ../spiellogik/gruppen-koordination.js; ../spiellogik/skill-policy.js; ../telemetrie/capability-status.js; ../telemetrie/sha256.js; ../vertraege/capability-sync.js; ../vertraege/capability-wiederholung.js; ../vertraege/charakter-faehigkeiten.js; ../vertraege/gruppen-koordination.js; ../vertraege/telemetrie.js; ./kanonisches-json.js
v4,laufzeit/quelle/wiederholung/goldener-wiederholungssatz.ts,60,GoldenerWiederholungsSatz; bereinigeNormal; constructor; entferneAusdruecklich; fuegeHinzu; groesseBytes; liste; vergleicheText,../telemetrie/sha256.js; ../vertraege/wiederholung.js; ./kanonisches-json.js
v4,laufzeit/quelle/wiederholung/kampfsicherheit-wiederholung.ts,48,bewertungsWert; erstelleKampfSicherheitsWiederholungsEntscheider; return,../spiellogik/kampfsicherheit.js; ../vertraege/kampfsicherheit.js; ../vertraege/wiederholung.js
v4,laufzeit/quelle/wiederholung/kanonisches-json.ts,23,kanonischerWert; kanonisiereJson,
v4,laufzeit/quelle/wiederholung/segment-lader.ts,88,ladeWiederholungsSegment; ladeWiederholungsSegmente; pruefeEreignis,../telemetrie/sha256.js; ../vertraege/bot-ereignis.js; ../vertraege/telemetrie.js; ../vertraege/wiederholung.js
v4,laufzeit/quelle/wiederholung/wiederholungs-lader.ts,37,ladeWiederholungsEreignisse; ladeWiederholungsZustaende; vergleicheText,../kern/spielzustand-aufzeichnung.js; ../vertraege/telemetrie.js; ../vertraege/wiederholung.js; ./segment-lader.js
v4,laufzeit/quelle/wiederholung/wiederholungs-maschine.ts,206,NurLeseTelemetrieAblage; WiederholungsMaschine; constructor; lese; pruefeDatensatz; pruefeEntscheidung; pruefeText; pruefeZeitpunkt; schreibe; sortiereEreignisse; vergleicheText; wiederholeKontingente; wiederholeLeistung; wiederholeVorfaelle,../kern/kontingent-waechter.js; ../telemetrie/sha256.js; ../telemetrie/telemetrie-speicher.js; ../telemetrie/vorfall-erkennung.js; ../vertraege/bot-ereignis.js; ../vertraege/wiederholung.js; ./kanonisches-json.js
v4,laufzeit/quelle/wiederholung/wiederholungs-vergleich.ts,55,bewerte; schluessel; vergleicheWiederholungsLaeufe,../vertraege/wiederholung.js; ./kanonisches-json.js
